County,Election Date,Precinct,Contest Group ID,Contest Type,Contest Name,Choice,Choice Party,Vote For,Election Day,One Stop,Absentee by Mail,Provisional,Total Votes,Real Precinct
"
BLADEN",11/06/2018,P45,1183.0,S,US HOUSE OF REPRESENTATIVES DISTRICT 09,Dan McCready,DEM,1.0,60.0,0.0,0.0,0.0,60.0,Y
"
BLADEN",11/06/2018,P202,1183.0,S,US HOUSE OF REPRESENTATIVES DISTRICT 09,Dan McCready,DEM,1.0,210.0,0.0,0.0,0.0,210.0,Y
"
BLADEN",11/06/2018,P60,1183.0,S,US HOUSE OF REPRESENTATIVES DISTRICT 09,Dan McCready,DEM,1.0,289.0,0.0,0.0,0.0,289.0,Y
"
BLADEN",11/06/2018,P35,1183.0,S,US HOUSE OF REPRESENTATIVES DISTRICT 09,Dan McCready,DEM,1.0,89.0,0.0,0.0,0.0,89.0,Y
"
BLADEN",11/06/2018,P15,1183.0,S,US HOUSE OF REPRESENTATIVES DISTRICT 09,Dan McCready,DEM,1.0,224.0,0.0,0.0,0.0,224.0,Y
"
BLADEN",11/06/2018,P201,1183.0,S,US HOUSE OF REPRESENTATIVES DISTRICT 09,Dan McCready,DEM,1.0,104.0,0.0,0.0,0.0,104.0,Y
"
BLADEN",11/06/2018,PROVISIONAL,1183.0,S,US HOUSE OF REPRESENTATIVES DISTRICT 09,Dan McCready,DEM,1.0,0.0,0.0,0.0,5.0,5.0,N
"
BLADEN",11/06/2018,ONE STOP LIBRARY,1183.0,S,US HOUSE OF REPRESENTATIVES DISTRICT 09,Dan McCready,DEM,1.0,0.0,1906.0,0.0,0.0,1906.0,N
"
BLADEN",11/06/2018,P40,1183.0,S,US HOUSE OF REPRESENTATIVES DISTRICT 09,Dan McCready,DEM,1.0,98.0,0.0,0.0,0.0,98.0,Y
"
BLADEN",11/06/2018,P10,1183.0,S,US HOUSE OF REPRESENTATIVES DISTRICT 09,Dan McCready,DEM,1.0,103.0,0.0,0.0,0.0,103.0,Y
"
BLADEN",11/06/2018,P80,1183.0,S,US HOUSE OF REPRESENTATIVES DISTRICT 09,Dan McCready,DEM,1.0,108.0,0.0,0.0,0.0,108.0,Y
"
BLADEN",11/06/2018,ABSENTEE,1183.0,S,US HOUSE OF REPRESENTATIVES DISTRICT 09,Dan McCready,DEM,1.0,0.0,0.0,258.0,0.0,258.0,N
"
BLADEN",11/06/2018,P25,1183.0,S,US HOUSE OF REPRESENTATIVES DISTRICT 09,Dan McCready,DEM,1.0,108.0,0.0,0.0,0.0,108.0,Y
"
BLADEN",11/06/2018,P501,1183.0,S,US HOUSE OF REPRESENTATIVES DISTRICT 09,Dan McCready,DEM,1.0,226.0,0.0,0.0,0.0,226.0,Y
"
BLADEN",11/06/2018,P70,1183.0,S,US HOUSE OF REPRESENTATIVES DISTRICT 09,Dan McCready,DEM,1.0,68.0,0.0,0.0,0.0,68.0,Y
"
BLADEN",11/06/2018,ABSENTEE,1183.0,S,US HOUSE OF REPRESENTATIVES DISTRICT 09,Jeff Scott,LIB,1.0,0.0,0.0,6.0,0.0,6.0,N
"
BLADEN",11/06/2018,P10,1183.0,S,US HOUSE OF REPRESENTATIVES DISTRICT 09,Jeff Scott,LIB,1.0,4.0,0.0,0.0,0.0,4.0,Y
"
BLADEN",11/06/2018,P501,1183.0,S,US HOUSE OF REPRESENTATIVES DISTRICT 09,Jeff Scott,LIB,1.0,6.0,0.0,0.0,0.0,6.0,Y
"
BLADEN",11/06/2018,P70,1183.0,S,US HOUSE OF REPRESENTATIVES DISTRICT 09,Jeff Scott,LIB,1.0,2.0,0.0,0.0,0.0,2.0,Y
"
BLADEN",11/06/2018,P25,1183.0,S,US HOUSE OF REPRESENTATIVES DISTRICT 09,Jeff Scott,LIB,1.0,3.0,0.0,0.0,0.0,3.0,Y
"
BLADEN",11/06/2018,PROVISIONAL,1183.0,S,US HOUSE OF REPRESENTATIVES DISTRICT 09,Jeff Scott,LIB,1.0,0.0,0.0,0.0,0.0,0.0,N
"
BLADEN",11/06/2018,ONE STOP LIBRARY,1183.0,S,US HOUSE OF REPRESENTATIVES DISTRICT 09,Jeff Scott,LIB,1.0,0.0,53.0,0.0,0.0,53.0,N
"
BLADEN",11/06/2018,P60,1183.0,S,US HOUSE OF REPRESENTATIVES DISTRICT 09,Jeff Scott,LIB,1.0,7.0,0.0,0.0,0.0,7.0,Y
"
BLADEN",11/06/2018,P15,1183.0,S,US HOUSE OF REPRESENTATIVES DISTRICT 09,Jeff Scott,LIB,1.0,14.0,0.0,0.0,0.0,14.0,Y
"
BLADEN",11/06/2018,P202,1183.0,S,US HOUSE OF REPRESENTATIVES DISTRICT 09,Jeff Scott,LIB,1.0,9.0,0.0,0.0,0.0,9.0,Y
"
BLADEN",11/06/2018,P80,1183.0,S,US HOUSE OF REPRESENTATIVES DISTRICT 09,Jeff Scott,LIB,1.0,9.0,0.0,0.0,0.0,9.0,Y
"
BLADEN",11/06/2018,P35,1183.0,S,US HOUSE OF REPRESENTATIVES DISTRICT 09,Jeff Scott,LIB,1.0,0.0,0.0,0.0,0.0,0.0,Y
"
BLADEN",11/06/2018,P40,1183.0,S,US HOUSE OF REPRESENTATIVES DISTRICT 09,Jeff Scott,LIB,1.0,5.0,0.0,0.0,0.0,5.0,Y
"
BLADEN",11/06/2018,P45,1183.0,S,US HOUSE OF REPRESENTATIVES DISTRICT 09,Jeff Scott,LIB,1.0,2.0,0.0,0.0,0.0,2.0,Y
"
BLADEN",11/06/2018,P201,1183.0,S,US HOUSE OF REPRESENTATIVES DISTRICT 09,Jeff Scott,LIB,1.0,9.0,0.0,0.0,0.0,9.0,Y
"
BLADEN",11/06/2018,ABSENTEE,1183.0,S,US HOUSE OF REPRESENTATIVES DISTRICT 09,Mark Harris,REP,1.0,0.0,0.0,420.0,0.0,420.0,N
"
BLADEN",11/06/2018,P501,1183.0,S,US HOUSE OF REPRESENTATIVES DISTRICT 09,Mark Harris,REP,1.0,172.0,0.0,0.0,0.0,172.0,Y
"
BLADEN",11/06/2018,P70,1183.0,S,US HOUSE OF REPRESENTATIVES DISTRICT 09,Mark Harris,REP,1.0,70.0,0.0,0.0,0.0,70.0,Y
"
BLADEN",11/06/2018,P25,1183.0,S,US HOUSE OF REPRESENTATIVES DISTRICT 09,Mark Harris,REP,1.0,104.0,0.0,0.0,0.0,104.0,Y
"
BLADEN",11/06/2018,P80,1183.0,S,US HOUSE OF REPRESENTATIVES DISTRICT 09,Mark Harris,REP,1.0,187.0,0.0,0.0,0.0,187.0,Y
"
BLADEN",11/06/2018,PROVISIONAL,1183.0,S,US HOUSE OF REPRESENTATIVES DISTRICT 09,Mark Harris,REP,1.0,0.0,0.0,0.0,3.0,3.0,N
"
BLADEN",11/06/2018,ONE STOP LIBRARY,1183.0,S,US HOUSE OF REPRESENTATIVES DISTRICT 09,Mark Harris,REP,1.0,0.0,2471.0,0.0,0.0,2471.0,N
"
BLADEN",11/06/2018,P202,1183.0,S,US HOUSE OF REPRESENTATIVES DISTRICT 09,Mark Harris,REP,1.0,345.0,0.0,0.0,0.0,345.0,Y
"
BLADEN",11/06/2018,P15,1183.0,S,US HOUSE OF REPRESENTATIVES DISTRICT 09,Mark Harris,REP,1.0,532.0,0.0,0.0,0.0,532.0,Y
"
BLADEN",11/06/2018,P35,1183.0,S,US HOUSE OF REPRESENTATIVES DISTRICT 09,Mark Harris,REP,1.0,68.0,0.0,0.0,0.0,68.0,Y
"
BLADEN",11/06/2018,P45,1183.0,S,US HOUSE OF REPRESENTATIVES DISTRICT 09,Mark Harris,REP,1.0,120.0,0.0,0.0,0.0,120.0,Y
"
BLADEN",11/06/2018,P40,1183.0,S,US HOUSE OF REPRESENTATIVES DISTRICT 09,Mark Harris,REP,1.0,229.0,0.0,0.0,0.0,229.0,Y
"
BLADEN",11/06/2018,P201,1183.0,S,US HOUSE OF REPRESENTATIVES DISTRICT 09,Mark Harris,REP,1.0,347.0,0.0,0.0,0.0,347.0,Y
"
BLADEN",11/06/2018,P60,1183.0,S,US HOUSE OF REPRESENTATIVES DISTRICT 09,Mark Harris,REP,1.0,214.0,0.0,0.0,0.0,214.0,Y
"
BLADEN",11/06/2018,P10,1183.0,S,US HOUSE OF REPRESENTATIVES DISTRICT 09,Mark Harris,REP,1.0,131.0,0.0,0.0,0.0,131.0,Y
"
ANSON",11/06/2018,POLK,1183.0,S,US HOUSE OF REPRESENTATIVES DISTRICT 09,Dan McCready,DEM,1.0,130.0,62.0,1.0,5.0,198.0,Y
"
ANSON",11/06/2018,W2,1183.0,S,US HOUSE OF REPRESENTATIVES DISTRICT 09,Dan McCready,DEM,1.0,178.0,329.0,11.0,2.0,520.0,Y
"
ANSON",11/06/2018,GULL,1183.0,S,US HOUSE OF REPRESENTATIVES DISTRICT 09,Dan McCready,DEM,1.0,131.0,194.0,10.0,1.0,336.0,Y
"
ANSON",11/06/2018,LILE,1183.0,S,US HOUSE OF REPRESENTATIVES DISTRICT 09,Dan McCready,DEM,1.0,335.0,416.0,25.0,4.0,780.0,Y
"
ANSON",11/06/2018,W1,1183.0,S,US HOUSE OF REPRESENTATIVES DISTRICT 09,Dan McCready,DEM,1.0,267.0,473.0,22.0,2.0,764.0,Y
"
ANSON",11/06/2018,BURN,1183.0,S,US HOUSE OF REPRESENTATIVES DISTRICT 09,Dan McCready,DEM,1.0,138.0,67.0,1.0,0.0,206.0,Y
"
ANSON",11/06/2018,PEAC,1183.0,S,US HOUSE OF REPRESENTATIVES DISTRICT 09,Dan McCready,DEM,1.0,132.0,48.0,5.0,3.0,188.0,Y
"
ANSON",11/06/2018,MM,1183.0,S,US HOUSE OF REPRESENTATIVES DISTRICT 09,Dan McCready,DEM,1.0,263.0,220.0,7.0,5.0,495.0,Y
"
ANSON",11/06/2018,WS,1183.0,S,US HOUSE OF REPRESENTATIVES DISTRICT 09,Dan McCready,DEM,1.0,54.0,22.0,0.0,0.0,76.0,Y
"
ANSON",11/06/2018,W3,1183.0,S,US HOUSE OF REPRESENTATIVES DISTRICT 09,Dan McCready,DEM,1.0,201.0,477.0,32.0,0.0,710.0,Y
"
ANSON",11/06/2018,ANS,1183.0,S,US HOUSE OF REPRESENTATIVES DISTRICT 09,Dan McCready,DEM,1.0,208.0,97.0,7.0,1.0,313.0,Y
"
ANSON",11/06/2018,LILE,1183.0,S,US HOUSE OF REPRESENTATIVES DISTRICT 09,Jeff Scott,LIB,1.0,11.0,5.0,0.0,0.0,16.0,Y
"
ANSON",11/06/2018,WS,1183.0,S,US HOUSE OF REPRESENTATIVES DISTRICT 09,Jeff Scott,LIB,1.0,1.0,0.0,0.0,0.0,1.0,Y
"
ANSON",11/06/2018,GULL,1183.0,S,US HOUSE OF REPRESENTATIVES DISTRICT 09,Jeff Scott,LIB,1.0,4.0,2.0,0.0,0.0,6.0,Y
"
ANSON",11/06/2018,ANS,1183.0,S,US HOUSE OF REPRESENTATIVES DISTRICT 09,Jeff Scott,LIB,1.0,8.0,5.0,0.0,0.0,13.0,Y
"
ANSON",11/06/2018,PEAC,1183.0,S,US HOUSE OF REPRESENTATIVES DISTRICT 09,Jeff Scott,LIB,1.0,5.0,3.0,0.0,0.0,8.0,Y
"
ANSON",11/06/2018,BURN,1183.0,S,US HOUSE OF REPRESENTATIVES DISTRICT 09,Jeff Scott,LIB,1.0,9.0,4.0,0.0,0.0,13.0,Y
"
ANSON",11/06/2018,W1,1183.0,S,US HOUSE OF REPRESENTATIVES DISTRICT 09,Jeff Scott,LIB,1.0,6.0,7.0,0.0,0.0,13.0,Y
"
ANSON",11/06/2018,W2,1183.0,S,US HOUSE OF REPRESENTATIVES DISTRICT 09,Jeff Scott,LIB,1.0,6.0,6.0,0.0,0.0,12.0,Y
"
ANSON",11/06/2018,POLK,1183.0,S,US HOUSE OF REPRESENTATIVES DISTRICT 09,Jeff Scott,LIB,1.0,3.0,2.0,0.0,0.0,5.0,Y
"
ANSON",11/06/2018,W3,1183.0,S,US HOUSE OF REPRESENTATIVES DISTRICT 09,Jeff Scott,LIB,1.0,11.0,8.0,1.0,0.0,20.0,Y
"
ANSON",11/06/2018,MM,1183.0,S,US HOUSE OF REPRESENTATIVES DISTRICT 09,Jeff Scott,LIB,1.0,5.0,2.0,0.0,0.0,7.0,Y
"
ANSON",11/06/2018,WS,1183.0,S,US HOUSE OF REPRESENTATIVES DISTRICT 09,Mark Harris,REP,1.0,76.0,15.0,3.0,0.0,94.0,Y
"
ANSON",11/06/2018,BURN,1183.0,S,US HOUSE OF REPRESENTATIVES DISTRICT 09,Mark Harris,REP,1.0,374.0,112.0,6.0,1.0,493.0,Y
"
ANSON",11/06/2018,PEAC,1183.0,S,US HOUSE OF REPRESENTATIVES DISTRICT 09,Mark Harris,REP,1.0,381.0,118.0,5.0,1.0,505.0,Y
"
ANSON",11/06/2018,LILE,1183.0,S,US HOUSE OF REPRESENTATIVES DISTRICT 09,Mark Harris,REP,1.0,257.0,169.0,5.0,1.0,432.0,Y
"
ANSON",11/06/2018,GULL,1183.0,S,US HOUSE OF REPRESENTATIVES DISTRICT 09,Mark Harris,REP,1.0,137.0,49.0,2.0,0.0,188.0,Y
"
ANSON",11/06/2018,ANS,1183.0,S,US HOUSE OF REPRESENTATIVES DISTRICT 09,Mark Harris,REP,1.0,184.0,60.0,3.0,1.0,248.0,Y
"
ANSON",11/06/2018,POLK,1183.0,S,US HOUSE OF REPRESENTATIVES DISTRICT 09,Mark Harris,REP,1.0,158.0,80.0,3.0,1.0,242.0,Y
"
ANSON",11/06/2018,MM,1183.0,S,US HOUSE OF REPRESENTATIVES DISTRICT 09,Mark Harris,REP,1.0,72.0,40.0,0.0,0.0,112.0,Y
"
ANSON",11/06/2018,W3,1183.0,S,US HOUSE OF REPRESENTATIVES DISTRICT 09,Mark Harris,REP,1.0,148.0,299.0,4.0,0.0,451.0,Y
"
ANSON",11/06/2018,W1,1183.0,S,US HOUSE OF REPRESENTATIVES DISTRICT 09,Mark Harris,REP,1.0,107.0,167.0,6.0,0.0,280.0,Y
"
ANSON",11/06/2018,W2,1183.0,S,US HOUSE OF REPRESENTATIVES DISTRICT 09,Mark Harris,REP,1.0,98.0,118.0,4.0,1.0,221.0,Y
"
CUMBERLAND",11/06/2018,G9B-1,1183.0,S,US HOUSE OF REPRESENTATIVES DISTRICT 09,Mark Harris,REP,1.0,361.0,0.0,0.0,0.0,361.0,Y
"
CUMBERLAND",11/06/2018,G3B,1183.0,S,US HOUSE OF REPRESENTATIVES DISTRICT 09,Mark Harris,REP,1.0,130.0,0.0,0.0,0.0,130.0,Y
"
CUMBERLAND",11/06/2018,CC05,1183.0,S,US HOUSE OF REPRESENTATIVES DISTRICT 09,Mark Harris,REP,1.0,44.0,0.0,0.0,0.0,44.0,Y
"
CUMBERLAND",11/06/2018,ABSENTEE 21-45,1183.0,S,US HOUSE OF REPRESENTATIVES DISTRICT 09,Mark Harris,REP,1.0,0.0,0.0,40.0,0.0,40.0,N
"
CUMBERLAND",11/06/2018,TRANSFER 21-45,1183.0,S,US HOUSE OF REPRESENTATIVES DISTRICT 09,Mark Harris,REP,1.0,0.0,0.0,0.0,0.0,0.0,N
"
CUMBERLAND",11/06/2018,ABSENTEE 1-20,1183.0,S,US HOUSE OF REPRESENTATIVES DISTRICT 09,Mark Harris,REP,1.0,0.0,0.0,194.0,0.0,194.0,N
"
CUMBERLAND",11/06/2018,TRANSFER 1-20,1183.0,S,US HOUSE OF REPRESENTATIVES DISTRICT 09,Mark Harris,REP,1.0,0.0,0.0,0.0,0.0,0.0,N
"
CUMBERLAND",11/06/2018,CC16,1183.0,S,US HOUSE OF REPRESENTATIVES DISTRICT 09,Mark Harris,REP,1.0,12.0,0.0,0.0,0.0,12.0,Y
"
CUMBERLAND",11/06/2018,G3C,1183.0,S,US HOUSE OF REPRESENTATIVES DISTRICT 09,Mark Harris,REP,1.0,209.0,0.0,0.0,0.0,209.0,Y
"
CUMBERLAND",11/06/2018,ONE STOP B 21-45,1183.0,S,US HOUSE OF REPRESENTATIVES DISTRICT 09,Mark Harris,REP,1.0,0.0,67.0,0.0,0.0,67.0,N
"
CUMBERLAND",11/06/2018,EO61-1,1183.0,S,US HOUSE OF REPRESENTATIVES DISTRICT 09,Mark Harris,REP,1.0,693.0,0.0,0.0,0.0,693.0,Y
"
CUMBERLAND",11/06/2018,G3C,1183.0,S,US HOUSE OF REPRESENTATIVES DISTRICT 09,Dan McCready,DEM,1.0,148.0,0.0,0.0,0.0,148.0,Y
"
CUMBERLAND",11/06/2018,ONE STOP D 1-20,1183.0,S,US HOUSE OF REPRESENTATIVES DISTRICT 09,Dan McCready,DEM,1.0,0.0,1887.0,0.0,0.0,1887.0,N
"
CUMBERLAND",11/06/2018,TRANSFER 21-45,1183.0,S,US HOUSE OF REPRESENTATIVES DISTRICT 09,Dan McCready,DEM,1.0,0.0,0.0,0.0,0.0,0.0,N
"
CUMBERLAND",11/06/2018,ONE STOP B 21-45,1183.0,S,US HOUSE OF REPRESENTATIVES DISTRICT 09,Dan McCready,DEM,1.0,0.0,242.0,0.0,0.0,242.0,N
"
CUMBERLAND",11/06/2018,CC05,1183.0,S,US HOUSE OF REPRESENTATIVES DISTRICT 09,Dan McCready,DEM,1.0,368.0,0.0,0.0,0.0,368.0,Y
"
CUMBERLAND",11/06/2018,CC01,1183.0,S,US HOUSE OF REPRESENTATIVES DISTRICT 09,Dan McCready,DEM,1.0,406.0,0.0,0.0,0.0,406.0,Y
"
CUMBERLAND",11/06/2018,ONE STOP C 21-45,1183.0,S,US HOUSE OF REPRESENTATIVES DISTRICT 09,Dan McCready,DEM,1.0,0.0,101.0,0.0,0.0,101.0,N
"
CUMBERLAND",11/06/2018,PROVISIONAL 1-20,1183.0,S,US HOUSE OF REPRESENTATIVES DISTRICT 09,Dan McCready,DEM,1.0,0.0,0.0,0.0,30.0,30.0,N
"
CUMBERLAND",11/06/2018,G9B-1,1183.0,S,US HOUSE OF REPRESENTATIVES DISTRICT 09,Dan McCready,DEM,1.0,401.0,0.0,0.0,0.0,401.0,Y
"
CUMBERLAND",11/06/2018,ABSENTEE 21-45,1183.0,S,US HOUSE OF REPRESENTATIVES DISTRICT 09,Dan McCready,DEM,1.0,0.0,0.0,77.0,0.0,77.0,N
"
CUMBERLAND",11/06/2018,G6C,1183.0,S,US HOUSE OF REPRESENTATIVES DISTRICT 09,Dan McCready,DEM,1.0,271.0,0.0,0.0,0.0,271.0,Y
"
CUMBERLAND",11/06/2018,ABSENTEE 1-20,1183.0,S,US HOUSE OF REPRESENTATIVES DISTRICT 09,Dan McCready,DEM,1.0,0.0,0.0,248.0,0.0,248.0,N
"
CUMBERLAND",11/06/2018,PROVISIONAL 21-45,1183.0,S,US HOUSE OF REPRESENTATIVES DISTRICT 09,Dan McCready,DEM,1.0,0.0,0.0,0.0,15.0,15.0,N
"
CUMBERLAND",11/06/2018,TRANSFER 1-20,1183.0,S,US HOUSE OF REPRESENTATIVES DISTRICT 09,Dan McCready,DEM,1.0,0.0,0.0,0.0,0.0,0.0,N
"
CUMBERLAND",11/06/2018,G1B,1183.0,S,US HOUSE OF REPRESENTATIVES DISTRICT 09,Dan McCready,DEM,1.0,363.0,0.0,0.0,0.0,363.0,Y
"
CUMBERLAND",11/06/2018,G9B-2,1183.0,S,US HOUSE OF REPRESENTATIVES DISTRICT 09,Dan McCready,DEM,1.0,333.0,0.0,0.0,0.0,333.0,Y
"
CUMBERLAND",11/06/2018,CC16,1183.0,S,US HOUSE OF REPRESENTATIVES DISTRICT 09,Dan McCready,DEM,1.0,473.0,0.0,0.0,0.0,473.0,Y
"
CUMBERLAND",11/06/2018,ONE STOP B 1-20,1183.0,S,US HOUSE OF REPRESENTATIVES DISTRICT 09,Dan McCready,DEM,1.0,0.0,276.0,0.0,0.0,276.0,N
"
CUMBERLAND",11/06/2018,ONE STOP A 1-20,1183.0,S,US HOUSE OF REPRESENTATIVES DISTRICT 09,Dan McCready,DEM,1.0,0.0,2380.0,0.0,0.0,2380.0,N
"
CUMBERLAND",11/06/2018,G3A-1,1183.0,S,US HOUSE OF REPRESENTATIVES DISTRICT 09,Dan McCready,DEM,1.0,493.0,0.0,0.0,0.0,493.0,Y
"
CUMBERLAND",11/06/2018,G3A-2,1183.0,S,US HOUSE OF REPRESENTATIVES DISTRICT 09,Dan McCready,DEM,1.0,310.0,0.0,0.0,0.0,310.0,Y
"
CUMBERLAND",11/06/2018,G1A,1183.0,S,US HOUSE OF REPRESENTATIVES DISTRICT 09,Dan McCready,DEM,1.0,376.0,0.0,0.0,0.0,376.0,Y
"
CUMBERLAND",11/06/2018,EO61-1,1183.0,S,US HOUSE OF REPRESENTATIVES DISTRICT 09,Dan McCready,DEM,1.0,279.0,0.0,0.0,0.0,279.0,Y
"
CUMBERLAND",11/06/2018,G6A,1183.0,S,US HOUSE OF REPRESENTATIVES DISTRICT 09,Dan McCready,DEM,1.0,323.0,0.0,0.0,0.0,323.0,Y
"
CUMBERLAND",11/06/2018,AL51,1183.0,S,US HOUSE OF REPRESENTATIVES DISTRICT 09,Dan McCready,DEM,1.0,260.0,0.0,0.0,0.0,260.0,Y
"
CUMBERLAND",11/06/2018,SH77,1183.0,S,US HOUSE OF REPRESENTATIVES DISTRICT 09,Dan McCready,DEM,1.0,266.0,0.0,0.0,0.0,266.0,Y
"
CUMBERLAND",11/06/2018,G6B,1183.0,S,US HOUSE OF REPRESENTATIVES DISTRICT 09,Dan McCready,DEM,1.0,104.0,0.0,0.0,0.0,104.0,Y
"
CUMBERLAND",11/06/2018,G9A,1183.0,S,US HOUSE OF REPRESENTATIVES DISTRICT 09,Dan McCready,DEM,1.0,358.0,0.0,0.0,0.0,358.0,Y
"
CUMBERLAND",11/06/2018,ONE STOP D 21-45,1183.0,S,US HOUSE OF REPRESENTATIVES DISTRICT 09,Dan McCready,DEM,1.0,0.0,706.0,0.0,0.0,706.0,N
"
CUMBERLAND",11/06/2018,ONE STOP C 1-20,1183.0,S,US HOUSE OF REPRESENTATIVES DISTRICT 09,Dan McCready,DEM,1.0,0.0,820.0,0.0,0.0,820.0,N
"
CUMBERLAND",11/06/2018,ONE STOP A 21-45,1183.0,S,US HOUSE OF REPRESENTATIVES DISTRICT 09,Dan McCready,DEM,1.0,0.0,684.0,0.0,0.0,684.0,N
"
CUMBERLAND",11/06/2018,CC08,1183.0,S,US HOUSE OF REPRESENTATIVES DISTRICT 09,Dan McCready,DEM,1.0,30.0,0.0,0.0,0.0,30.0,Y
"
CUMBERLAND",11/06/2018,EO61-2,1183.0,S,US HOUSE OF REPRESENTATIVES DISTRICT 09,Dan McCready,DEM,1.0,262.0,0.0,0.0,0.0,262.0,Y
"
CUMBERLAND",11/06/2018,G3B,1183.0,S,US HOUSE OF REPRESENTATIVES DISTRICT 09,Dan McCready,DEM,1.0,162.0,0.0,0.0,0.0,162.0,Y
"
CUMBERLAND",11/06/2018,CC05,1183.0,S,US HOUSE OF REPRESENTATIVES DISTRICT 09,Jeff Scott,LIB,1.0,9.0,0.0,0.0,0.0,9.0,Y
"
CUMBERLAND",11/06/2018,ONE STOP A 1-20,1183.0,S,US HOUSE OF REPRESENTATIVES DISTRICT 09,Jeff Scott,LIB,1.0,0.0,32.0,0.0,0.0,32.0,N
"
CUMBERLAND",11/06/2018,G6C,1183.0,S,US HOUSE OF REPRESENTATIVES DISTRICT 09,Jeff Scott,LIB,1.0,16.0,0.0,0.0,0.0,16.0,Y
"
CUMBERLAND",11/06/2018,AL51,1183.0,S,US HOUSE OF REPRESENTATIVES DISTRICT 09,Jeff Scott,LIB,1.0,16.0,0.0,0.0,0.0,16.0,Y
"
CUMBERLAND",11/06/2018,G9B-1,1183.0,S,US HOUSE OF REPRESENTATIVES DISTRICT 09,Jeff Scott,LIB,1.0,20.0,0.0,0.0,0.0,20.0,Y
"
CUMBERLAND",11/06/2018,ONE STOP B 1-20,1183.0,S,US HOUSE OF REPRESENTATIVES DISTRICT 09,Jeff Scott,LIB,1.0,0.0,5.0,0.0,0.0,5.0,N
"
CUMBERLAND",11/06/2018,ONE STOP B 21-45,1183.0,S,US HOUSE OF REPRESENTATIVES DISTRICT 09,Jeff Scott,LIB,1.0,0.0,5.0,0.0,0.0,5.0,N
"
CUMBERLAND",11/06/2018,TRANSFER 21-45,1183.0,S,US HOUSE OF REPRESENTATIVES DISTRICT 09,Jeff Scott,LIB,1.0,0.0,0.0,0.0,0.0,0.0,N
"
CUMBERLAND",11/06/2018,CC16,1183.0,S,US HOUSE OF REPRESENTATIVES DISTRICT 09,Jeff Scott,LIB,1.0,3.0,0.0,0.0,0.0,3.0,Y
"
CUMBERLAND",11/06/2018,G1A,1183.0,S,US HOUSE OF REPRESENTATIVES DISTRICT 09,Jeff Scott,LIB,1.0,14.0,0.0,0.0,0.0,14.0,Y
"
CUMBERLAND",11/06/2018,EO61-2,1183.0,S,US HOUSE OF REPRESENTATIVES DISTRICT 09,Jeff Scott,LIB,1.0,15.0,0.0,0.0,0.0,15.0,Y
"
CUMBERLAND",11/06/2018,ONE STOP D 21-45,1183.0,S,US HOUSE OF REPRESENTATIVES DISTRICT 09,Jeff Scott,LIB,1.0,0.0,21.0,0.0,0.0,21.0,N
"
CUMBERLAND",11/06/2018,ONE STOP D 1-20,1183.0,S,US HOUSE OF REPRESENTATIVES DISTRICT 09,Jeff Scott,LIB,1.0,0.0,49.0,0.0,0.0,49.0,N
"
CUMBERLAND",11/06/2018,G6A,1183.0,S,US HOUSE OF REPRESENTATIVES DISTRICT 09,Jeff Scott,LIB,1.0,18.0,0.0,0.0,0.0,18.0,Y
"
CUMBERLAND",11/06/2018,G3C,1183.0,S,US HOUSE OF REPRESENTATIVES DISTRICT 09,Jeff Scott,LIB,1.0,8.0,0.0,0.0,0.0,8.0,Y
"
CUMBERLAND",11/06/2018,G6B,1183.0,S,US HOUSE OF REPRESENTATIVES DISTRICT 09,Jeff Scott,LIB,1.0,4.0,0.0,0.0,0.0,4.0,Y
"
CUMBERLAND",11/06/2018,CC08,1183.0,S,US HOUSE OF REPRESENTATIVES DISTRICT 09,Jeff Scott,LIB,1.0,0.0,0.0,0.0,0.0,0.0,Y
"
CUMBERLAND",11/06/2018,PROVISIONAL 1-20,1183.0,S,US HOUSE OF REPRESENTATIVES DISTRICT 09,Jeff Scott,LIB,1.0,0.0,0.0,0.0,2.0,2.0,N
"
CUMBERLAND",11/06/2018,ONE STOP A 21-45,1183.0,S,US HOUSE OF REPRESENTATIVES DISTRICT 09,Jeff Scott,LIB,1.0,0.0,10.0,0.0,0.0,10.0,N
"
CUMBERLAND",11/06/2018,CC01,1183.0,S,US HOUSE OF REPRESENTATIVES DISTRICT 09,Jeff Scott,LIB,1.0,9.0,0.0,0.0,0.0,9.0,Y
"
CUMBERLAND",11/06/2018,ABSENTEE 21-45,1183.0,S,US HOUSE OF REPRESENTATIVES DISTRICT 09,Jeff Scott,LIB,1.0,0.0,0.0,3.0,0.0,3.0,N
"
CUMBERLAND",11/06/2018,PROVISIONAL 21-45,1183.0,S,US HOUSE OF REPRESENTATIVES DISTRICT 09,Jeff Scott,LIB,1.0,0.0,0.0,0.0,3.0,3.0,N
"
CUMBERLAND",11/06/2018,TRANSFER 1-20,1183.0,S,US HOUSE OF REPRESENTATIVES DISTRICT 09,Jeff Scott,LIB,1.0,0.0,0.0,0.0,0.0,0.0,N
"
CUMBERLAND",11/06/2018,G9A,1183.0,S,US HOUSE OF REPRESENTATIVES DISTRICT 09,Jeff Scott,LIB,1.0,9.0,0.0,0.0,0.0,9.0,Y
"
CUMBERLAND",11/06/2018,ONE STOP C 1-20,1183.0,S,US HOUSE OF REPRESENTATIVES DISTRICT 09,Jeff Scott,LIB,1.0,0.0,7.0,0.0,0.0,7.0,N
"
CUMBERLAND",11/06/2018,ABSENTEE 1-20,1183.0,S,US HOUSE OF REPRESENTATIVES DISTRICT 09,Jeff Scott,LIB,1.0,0.0,0.0,7.0,0.0,7.0,N
"
CUMBERLAND",11/06/2018,SH77,1183.0,S,US HOUSE OF REPRESENTATIVES DISTRICT 09,Jeff Scott,LIB,1.0,19.0,0.0,0.0,0.0,19.0,Y
"
CUMBERLAND",11/06/2018,ONE STOP C 21-45,1183.0,S,US HOUSE OF REPRESENTATIVES DISTRICT 09,Jeff Scott,LIB,1.0,0.0,4.0,0.0,0.0,4.0,N
"
CUMBERLAND",11/06/2018,G9B-2,1183.0,S,US HOUSE OF REPRESENTATIVES DISTRICT 09,Jeff Scott,LIB,1.0,19.0,0.0,0.0,0.0,19.0,Y
"
CUMBERLAND",11/06/2018,G3A-1,1183.0,S,US HOUSE OF REPRESENTATIVES DISTRICT 09,Jeff Scott,LIB,1.0,16.0,0.0,0.0,0.0,16.0,Y
"
CUMBERLAND",11/06/2018,G3A-2,1183.0,S,US HOUSE OF REPRESENTATIVES DISTRICT 09,Jeff Scott,LIB,1.0,16.0,0.0,0.0,0.0,16.0,Y
"
CUMBERLAND",11/06/2018,G3B,1183.0,S,US HOUSE OF REPRESENTATIVES DISTRICT 09,Jeff Scott,LIB,1.0,12.0,0.0,0.0,0.0,12.0,Y
"
CUMBERLAND",11/06/2018,EO61-1,1183.0,S,US HOUSE OF REPRESENTATIVES DISTRICT 09,Jeff Scott,LIB,1.0,10.0,0.0,0.0,0.0,10.0,Y
"
CUMBERLAND",11/06/2018,G1B,1183.0,S,US HOUSE OF REPRESENTATIVES DISTRICT 09,Jeff Scott,LIB,1.0,19.0,0.0,0.0,0.0,19.0,Y
"
CUMBERLAND",11/06/2018,G1A,1183.0,S,US HOUSE OF REPRESENTATIVES DISTRICT 09,Mark Harris,REP,1.0,178.0,0.0,0.0,0.0,178.0,Y
"
CUMBERLAND",11/06/2018,CC01,1183.0,S,US HOUSE OF REPRESENTATIVES DISTRICT 09,Mark Harris,REP,1.0,50.0,0.0,0.0,0.0,50.0,Y
"
CUMBERLAND",11/06/2018,CC08,1183.0,S,US HOUSE OF REPRESENTATIVES DISTRICT 09,Mark Harris,REP,1.0,66.0,0.0,0.0,0.0,66.0,Y
"
CUMBERLAND",11/06/2018,ONE STOP A 21-45,1183.0,S,US HOUSE OF REPRESENTATIVES DISTRICT 09,Mark Harris,REP,1.0,0.0,326.0,0.0,0.0,326.0,N
"
CUMBERLAND",11/06/2018,ONE STOP A 1-20,1183.0,S,US HOUSE OF REPRESENTATIVES DISTRICT 09,Mark Harris,REP,1.0,0.0,1587.0,0.0,0.0,1587.0,N
"
CUMBERLAND",11/06/2018,AL51,1183.0,S,US HOUSE OF REPRESENTATIVES DISTRICT 09,Mark Harris,REP,1.0,515.0,0.0,0.0,0.0,515.0,Y
"
CUMBERLAND",11/06/2018,G6B,1183.0,S,US HOUSE OF REPRESENTATIVES DISTRICT 09,Mark Harris,REP,1.0,356.0,0.0,0.0,0.0,356.0,Y
"
CUMBERLAND",11/06/2018,ONE STOP D 21-45,1183.0,S,US HOUSE OF REPRESENTATIVES DISTRICT 09,Mark Harris,REP,1.0,0.0,489.0,0.0,0.0,489.0,N
"
CUMBERLAND",11/06/2018,G9B-2,1183.0,S,US HOUSE OF REPRESENTATIVES DISTRICT 09,Mark Harris,REP,1.0,379.0,0.0,0.0,0.0,379.0,Y
"
CUMBERLAND",11/06/2018,ONE STOP B 1-20,1183.0,S,US HOUSE OF REPRESENTATIVES DISTRICT 09,Mark Harris,REP,1.0,0.0,111.0,0.0,0.0,111.0,N
"
CUMBERLAND",11/06/2018,G3A-2,1183.0,S,US HOUSE OF REPRESENTATIVES DISTRICT 09,Mark Harris,REP,1.0,235.0,0.0,0.0,0.0,235.0,Y
"
CUMBERLAND",11/06/2018,G6A,1183.0,S,US HOUSE OF REPRESENTATIVES DISTRICT 09,Mark Harris,REP,1.0,946.0,0.0,0.0,0.0,946.0,Y
"
CUMBERLAND",11/06/2018,EO61-2,1183.0,S,US HOUSE OF REPRESENTATIVES DISTRICT 09,Mark Harris,REP,1.0,410.0,0.0,0.0,0.0,410.0,Y
"
CUMBERLAND",11/06/2018,G3A-1,1183.0,S,US HOUSE OF REPRESENTATIVES DISTRICT 09,Mark Harris,REP,1.0,219.0,0.0,0.0,0.0,219.0,Y
"
CUMBERLAND",11/06/2018,ONE STOP D 1-20,1183.0,S,US HOUSE OF REPRESENTATIVES DISTRICT 09,Mark Harris,REP,1.0,0.0,2416.0,0.0,0.0,2416.0,N
"
CUMBERLAND",11/06/2018,SH77,1183.0,S,US HOUSE OF REPRESENTATIVES DISTRICT 09,Mark Harris,REP,1.0,364.0,0.0,0.0,0.0,364.0,Y
"
CUMBERLAND",11/06/2018,G9A,1183.0,S,US HOUSE OF REPRESENTATIVES DISTRICT 09,Mark Harris,REP,1.0,328.0,0.0,0.0,0.0,328.0,Y
"
CUMBERLAND",11/06/2018,PROVISIONAL 1-20,1183.0,S,US HOUSE OF REPRESENTATIVES DISTRICT 09,Mark Harris,REP,1.0,0.0,0.0,0.0,21.0,21.0,N
"
CUMBERLAND",11/06/2018,PROVISIONAL 21-45,1183.0,S,US HOUSE OF REPRESENTATIVES DISTRICT 09,Mark Harris,REP,1.0,0.0,0.0,0.0,4.0,4.0,N
"
CUMBERLAND",11/06/2018,G1B,1183.0,S,US HOUSE OF REPRESENTATIVES DISTRICT 09,Mark Harris,REP,1.0,673.0,0.0,0.0,0.0,673.0,Y
"
CUMBERLAND",11/06/2018,ONE STOP C 21-45,1183.0,S,US HOUSE OF REPRESENTATIVES DISTRICT 09,Mark Harris,REP,1.0,0.0,22.0,0.0,0.0,22.0,N
"
CUMBERLAND",11/06/2018,ONE STOP C 1-20,1183.0,S,US HOUSE OF REPRESENTATIVES DISTRICT 09,Mark Harris,REP,1.0,0.0,419.0,0.0,0.0,419.0,N
"
CUMBERLAND",11/06/2018,G6C,1183.0,S,US HOUSE OF REPRESENTATIVES DISTRICT 09,Mark Harris,REP,1.0,450.0,0.0,0.0,0.0,450.0,Y
"
MECKLENBURG",11/06/2018,CURBSIDE 1-35,1183.0,S,US HOUSE OF REPRESENTATIVES DISTRICT 09,Dan McCready,DEM,1.0,66.0,0.0,0.0,0.0,66.0,N
"
MECKLENBURG",11/06/2018,069,1183.0,S,US HOUSE OF REPRESENTATIVES DISTRICT 09,Dan McCready,DEM,1.0,528.0,858.0,0.0,0.0,1386.0,Y
"
MECKLENBURG",11/06/2018,121,1183.0,S,US HOUSE OF REPRESENTATIVES DISTRICT 09,Dan McCready,DEM,1.0,433.0,852.0,0.0,0.0,1285.0,Y
"
MECKLENBURG",11/06/2018,232,1183.0,S,US HOUSE OF REPRESENTATIVES DISTRICT 09,Dan McCready,DEM,1.0,615.0,975.0,0.0,0.0,1590.0,Y
"
MECKLENBURG",11/06/2018,ABSENTEE BY MAIL 36-70,1183.0,S,US HOUSE OF REPRESENTATIVES DISTRICT 09,Dan McCready,DEM,1.0,0.0,0.0,2674.0,0.0,2674.0,N
"
MECKLENBURG",11/06/2018,092,1183.0,S,US HOUSE OF REPRESENTATIVES DISTRICT 09,Dan McCready,DEM,1.0,497.0,519.0,0.0,0.0,1016.0,Y
"
MECKLENBURG",11/06/2018,001,1183.0,S,US HOUSE OF REPRESENTATIVES DISTRICT 09,Dan McCready,DEM,1.0,318.0,362.0,0.0,0.0,680.0,Y
"
MECKLENBURG",11/06/2018,110,1183.0,S,US HOUSE OF REPRESENTATIVES DISTRICT 09,Dan McCready,DEM,1.0,260.0,286.0,0.0,0.0,546.0,Y
"
MECKLENBURG",11/06/2018,090,1183.0,S,US HOUSE OF REPRESENTATIVES DISTRICT 09,Dan McCready,DEM,1.0,236.0,327.0,0.0,0.0,563.0,Y
"
MECKLENBURG",11/06/2018,071,1183.0,S,US HOUSE OF REPRESENTATIVES DISTRICT 09,Dan McCready,DEM,1.0,280.0,320.0,0.0,0.0,600.0,Y
"
MECKLENBURG",11/06/2018,119,1183.0,S,US HOUSE OF REPRESENTATIVES DISTRICT 09,Dan McCready,DEM,1.0,271.0,308.0,0.0,0.0,579.0,Y
"
MECKLENBURG",11/06/2018,101,1183.0,S,US HOUSE OF REPRESENTATIVES DISTRICT 09,Dan McCready,DEM,1.0,421.0,371.0,0.0,0.0,792.0,Y
"
MECKLENBURG",11/06/2018,100,1183.0,S,US HOUSE OF REPRESENTATIVES DISTRICT 09,Dan McCready,DEM,1.0,489.0,543.0,0.0,0.0,1032.0,Y
"
MECKLENBURG",11/06/2018,139.1,1183.0,S,US HOUSE OF REPRESENTATIVES DISTRICT 09,Dan McCready,DEM,1.0,446.0,674.0,0.0,0.0,1120.0,Y
"
MECKLENBURG",11/06/2018,ABSENTEE BY MAIL 71-106,1183.0,S,US HOUSE OF REPRESENTATIVES DISTRICT 09,Dan McCready,DEM,1.0,0.0,0.0,187.0,0.0,187.0,N
"
MECKLENBURG",11/06/2018,227,1183.0,S,US HOUSE OF REPRESENTATIVES DISTRICT 09,Dan McCready,DEM,1.0,852.0,1275.0,0.0,0.0,2127.0,Y
"
MECKLENBURG",11/06/2018,103,1183.0,S,US HOUSE OF REPRESENTATIVES DISTRICT 09,Dan McCready,DEM,1.0,468.0,694.0,0.0,0.0,1162.0,Y
"
MECKLENBURG",11/06/2018,070,1183.0,S,US HOUSE OF REPRESENTATIVES DISTRICT 09,Dan McCready,DEM,1.0,331.0,513.0,0.0,0.0,844.0,Y
"
MECKLENBURG",11/06/2018,136,1183.0,S,US HOUSE OF REPRESENTATIVES DISTRICT 09,Dan McCready,DEM,1.0,205.0,497.0,0.0,0.0,702.0,Y
"
MECKLENBURG",11/06/2018,PROVISIONAL 1-35,1183.0,S,US HOUSE OF REPRESENTATIVES DISTRICT 09,Dan McCready,DEM,1.0,0.0,0.0,0.0,7.0,7.0,N
"
MECKLENBURG",11/06/2018,PROVISIONAL 36-70,1183.0,S,US HOUSE OF REPRESENTATIVES DISTRICT 09,Dan McCready,DEM,1.0,0.0,0.0,0.0,69.0,69.0,N
"
MECKLENBURG",11/06/2018,091,1183.0,S,US HOUSE OF REPRESENTATIVES DISTRICT 09,Dan McCready,DEM,1.0,549.0,931.0,0.0,0.0,1480.0,Y
"
MECKLENBURG",11/06/2018,008,1183.0,S,US HOUSE OF REPRESENTATIVES DISTRICT 09,Dan McCready,DEM,1.0,508.0,443.0,0.0,0.0,951.0,Y
"
MECKLENBURG",11/06/2018,218,1183.0,S,US HOUSE OF REPRESENTATIVES DISTRICT 09,Dan McCready,DEM,1.0,272.0,413.0,0.0,0.0,685.0,Y
"
MECKLENBURG",11/06/2018,219,1183.0,S,US HOUSE OF REPRESENTATIVES DISTRICT 09,Dan McCready,DEM,1.0,220.0,425.0,0.0,0.0,645.0,Y
"
MECKLENBURG",11/06/2018,220,1183.0,S,US HOUSE OF REPRESENTATIVES DISTRICT 09,Dan McCready,DEM,1.0,276.0,612.0,0.0,0.0,888.0,Y
"
MECKLENBURG",11/06/2018,233,1183.0,S,US HOUSE OF REPRESENTATIVES DISTRICT 09,Dan McCready,DEM,1.0,491.0,842.0,0.0,0.0,1333.0,Y
"
MECKLENBURG",11/06/2018,216,1183.0,S,US HOUSE OF REPRESENTATIVES DISTRICT 09,Dan McCready,DEM,1.0,573.0,951.0,0.0,0.0,1524.0,Y
"
MECKLENBURG",11/06/2018,144,1183.0,S,US HOUSE OF REPRESENTATIVES DISTRICT 09,Dan McCready,DEM,1.0,462.0,739.0,0.0,0.0,1201.0,Y
"
MECKLENBURG",11/06/2018,096,1183.0,S,US HOUSE OF REPRESENTATIVES DISTRICT 09,Dan McCready,DEM,1.0,270.0,505.0,0.0,0.0,775.0,Y
"
MECKLENBURG",11/06/2018,093,1183.0,S,US HOUSE OF REPRESENTATIVES DISTRICT 09,Dan McCready,DEM,1.0,310.0,254.0,0.0,0.0,564.0,Y
"
MECKLENBURG",11/06/2018,019,1183.0,S,US HOUSE OF REPRESENTATIVES DISTRICT 09,Dan McCready,DEM,1.0,301.0,430.0,0.0,0.0,731.0,Y
"
MECKLENBURG",11/06/2018,002,1183.0,S,US HOUSE OF REPRESENTATIVES DISTRICT 09,Dan McCready,DEM,1.0,56.0,75.0,0.0,0.0,131.0,Y
"
MECKLENBURG",11/06/2018,217,1183.0,S,US HOUSE OF REPRESENTATIVES DISTRICT 09,Dan McCready,DEM,1.0,323.0,524.0,0.0,0.0,847.0,Y
"
MECKLENBURG",11/06/2018,057,1183.0,S,US HOUSE OF REPRESENTATIVES DISTRICT 09,Dan McCready,DEM,1.0,317.0,521.0,0.0,0.0,838.0,Y
"
MECKLENBURG",11/06/2018,032,1183.0,S,US HOUSE OF REPRESENTATIVES DISTRICT 09,Dan McCready,DEM,1.0,356.0,419.0,0.0,0.0,775.0,Y
"
MECKLENBURG",11/06/2018,131,1183.0,S,US HOUSE OF REPRESENTATIVES DISTRICT 09,Dan McCready,DEM,1.0,215.0,410.0,0.0,0.0,625.0,Y
"
MECKLENBURG",11/06/2018,137,1183.0,S,US HOUSE OF REPRESENTATIVES DISTRICT 09,Dan McCready,DEM,1.0,724.0,950.0,0.0,0.0,1674.0,Y
"
MECKLENBURG",11/06/2018,ABSENTEE BY MAIL 1-35,1183.0,S,US HOUSE OF REPRESENTATIVES DISTRICT 09,Dan McCready,DEM,1.0,0.0,0.0,705.0,0.0,705.0,N
"
MECKLENBURG",11/06/2018,076,1183.0,S,US HOUSE OF REPRESENTATIVES DISTRICT 09,Dan McCready,DEM,1.0,429.0,715.0,0.0,0.0,1144.0,Y
"
MECKLENBURG",11/06/2018,113,1183.0,S,US HOUSE OF REPRESENTATIVES DISTRICT 09,Dan McCready,DEM,1.0,531.0,632.0,0.0,0.0,1163.0,Y
"
MECKLENBURG",11/06/2018,111,1183.0,S,US HOUSE OF REPRESENTATIVES DISTRICT 09,Dan McCready,DEM,1.0,393.0,682.0,0.0,0.0,1075.0,Y
"
MECKLENBURG",11/06/2018,074,1183.0,S,US HOUSE OF REPRESENTATIVES DISTRICT 09,Dan McCready,DEM,1.0,447.0,704.0,0.0,0.0,1151.0,Y
"
MECKLENBURG",11/06/2018,PROVISIONAL 71-106,1183.0,S,US HOUSE OF REPRESENTATIVES DISTRICT 09,Dan McCready,DEM,1.0,0.0,0.0,0.0,2.0,2.0,N
"
MECKLENBURG",11/06/2018,226,1183.0,S,US HOUSE OF REPRESENTATIVES DISTRICT 09,Dan McCready,DEM,1.0,476.0,725.0,0.0,0.0,1201.0,Y
"
MECKLENBURG",11/06/2018,CURBSIDE 36-70,1183.0,S,US HOUSE OF REPRESENTATIVES DISTRICT 09,Dan McCready,DEM,1.0,178.0,0.0,0.0,0.0,178.0,N
"
MECKLENBURG",11/06/2018,118,1183.0,S,US HOUSE OF REPRESENTATIVES DISTRICT 09,Dan McCready,DEM,1.0,439.0,560.0,0.0,0.0,999.0,Y
"
MECKLENBURG",11/06/2018,236,1183.0,S,US HOUSE OF REPRESENTATIVES DISTRICT 09,Dan McCready,DEM,1.0,378.0,717.0,0.0,0.0,1095.0,Y
"
MECKLENBURG",11/06/2018,073,1183.0,S,US HOUSE OF REPRESENTATIVES DISTRICT 09,Dan McCready,DEM,1.0,332.0,357.0,0.0,0.0,689.0,Y
"
MECKLENBURG",11/06/2018,048,1183.0,S,US HOUSE OF REPRESENTATIVES DISTRICT 09,Dan McCready,DEM,1.0,344.0,391.0,0.0,0.0,735.0,Y
"
MECKLENBURG",11/06/2018,CURBSIDE 71-106,1183.0,S,US HOUSE OF REPRESENTATIVES DISTRICT 09,Dan McCready,DEM,1.0,15.0,0.0,0.0,0.0,15.0,N
"
MECKLENBURG",11/06/2018,221,1183.0,S,US HOUSE OF REPRESENTATIVES DISTRICT 09,Dan McCready,DEM,1.0,380.0,660.0,0.0,0.0,1040.0,Y
"
MECKLENBURG",11/06/2018,215,1183.0,S,US HOUSE OF REPRESENTATIVES DISTRICT 09,Dan McCready,DEM,1.0,424.0,679.0,0.0,0.0,1103.0,Y
"
MECKLENBURG",11/06/2018,114,1183.0,S,US HOUSE OF REPRESENTATIVES DISTRICT 09,Dan McCready,DEM,1.0,432.0,579.0,0.0,0.0,1011.0,Y
"
MECKLENBURG",11/06/2018,112,1183.0,S,US HOUSE OF REPRESENTATIVES DISTRICT 09,Dan McCready,DEM,1.0,331.0,362.0,0.0,0.0,693.0,Y
"
MECKLENBURG",11/06/2018,086,1183.0,S,US HOUSE OF REPRESENTATIVES DISTRICT 09,Dan McCready,DEM,1.0,272.0,469.0,0.0,0.0,741.0,Y
"
MECKLENBURG",11/06/2018,072,1183.0,S,US HOUSE OF REPRESENTATIVES DISTRICT 09,Dan McCready,DEM,1.0,274.0,345.0,0.0,0.0,619.0,Y
"
MECKLENBURG",11/06/2018,075,1183.0,S,US HOUSE OF REPRESENTATIVES DISTRICT 09,Dan McCready,DEM,1.0,420.0,747.0,0.0,0.0,1167.0,Y
"
MECKLENBURG",11/06/2018,018,1183.0,S,US HOUSE OF REPRESENTATIVES DISTRICT 09,Dan McCready,DEM,1.0,345.0,291.0,0.0,0.0,636.0,Y
"
MECKLENBURG",11/06/2018,086,1183.0,S,US HOUSE OF REPRESENTATIVES DISTRICT 09,Jeff Scott,LIB,1.0,6.0,3.0,0.0,0.0,9.0,Y
"
MECKLENBURG",11/06/2018,144,1183.0,S,US HOUSE OF REPRESENTATIVES DISTRICT 09,Jeff Scott,LIB,1.0,20.0,11.0,0.0,0.0,31.0,Y
"
MECKLENBURG",11/06/2018,236,1183.0,S,US HOUSE OF REPRESENTATIVES DISTRICT 09,Jeff Scott,LIB,1.0,38.0,27.0,0.0,0.0,65.0,Y
"
MECKLENBURG",11/06/2018,ABSENTEE BY MAIL 1-35,1183.0,S,US HOUSE OF REPRESENTATIVES DISTRICT 09,Jeff Scott,LIB,1.0,0.0,0.0,8.0,0.0,8.0,N
"
MECKLENBURG",11/06/2018,CURBSIDE 71-106,1183.0,S,US HOUSE OF REPRESENTATIVES DISTRICT 09,Jeff Scott,LIB,1.0,2.0,0.0,0.0,0.0,2.0,N
"
MECKLENBURG",11/06/2018,001,1183.0,S,US HOUSE OF REPRESENTATIVES DISTRICT 09,Jeff Scott,LIB,1.0,10.0,1.0,0.0,0.0,11.0,Y
"
MECKLENBURG",11/06/2018,137,1183.0,S,US HOUSE OF REPRESENTATIVES DISTRICT 09,Jeff Scott,LIB,1.0,35.0,17.0,0.0,0.0,52.0,Y
"
MECKLENBURG",11/06/2018,113,1183.0,S,US HOUSE OF REPRESENTATIVES DISTRICT 09,Jeff Scott,LIB,1.0,20.0,4.0,0.0,0.0,24.0,Y
"
MECKLENBURG",11/06/2018,048,1183.0,S,US HOUSE OF REPRESENTATIVES DISTRICT 09,Jeff Scott,LIB,1.0,15.0,7.0,0.0,0.0,22.0,Y
"
MECKLENBURG",11/06/2018,074,1183.0,S,US HOUSE OF REPRESENTATIVES DISTRICT 09,Jeff Scott,LIB,1.0,20.0,18.0,0.0,0.0,38.0,Y
"
MECKLENBURG",11/06/2018,076,1183.0,S,US HOUSE OF REPRESENTATIVES DISTRICT 09,Jeff Scott,LIB,1.0,21.0,13.0,0.0,0.0,34.0,Y
"
MECKLENBURG",11/06/2018,096,1183.0,S,US HOUSE OF REPRESENTATIVES DISTRICT 09,Jeff Scott,LIB,1.0,7.0,10.0,0.0,0.0,17.0,Y
"
MECKLENBURG",11/06/2018,093,1183.0,S,US HOUSE OF REPRESENTATIVES DISTRICT 09,Jeff Scott,LIB,1.0,19.0,5.0,0.0,0.0,24.0,Y
"
MECKLENBURG",11/06/2018,215,1183.0,S,US HOUSE OF REPRESENTATIVES DISTRICT 09,Jeff Scott,LIB,1.0,32.0,20.0,0.0,0.0,52.0,Y
"
MECKLENBURG",11/06/2018,111,1183.0,S,US HOUSE OF REPRESENTATIVES DISTRICT 09,Jeff Scott,LIB,1.0,17.0,17.0,0.0,0.0,34.0,Y
"
MECKLENBURG",11/06/2018,131,1183.0,S,US HOUSE OF REPRESENTATIVES DISTRICT 09,Jeff Scott,LIB,1.0,11.0,9.0,0.0,0.0,20.0,Y
"
MECKLENBURG",11/06/2018,PROVISIONAL 71-106,1183.0,S,US HOUSE OF REPRESENTATIVES DISTRICT 09,Jeff Scott,LIB,1.0,0.0,0.0,0.0,0.0,0.0,N
"
MECKLENBURG",11/06/2018,227,1183.0,S,US HOUSE OF REPRESENTATIVES DISTRICT 09,Jeff Scott,LIB,1.0,40.0,19.0,0.0,0.0,59.0,Y
"
MECKLENBURG",11/06/2018,232,1183.0,S,US HOUSE OF REPRESENTATIVES DISTRICT 09,Jeff Scott,LIB,1.0,39.0,19.0,0.0,0.0,58.0,Y
"
MECKLENBURG",11/06/2018,PROVISIONAL 36-70,1183.0,S,US HOUSE OF REPRESENTATIVES DISTRICT 09,Jeff Scott,LIB,1.0,0.0,0.0,0.0,5.0,5.0,N
"
MECKLENBURG",11/06/2018,ABSENTEE BY MAIL 36-70,1183.0,S,US HOUSE OF REPRESENTATIVES DISTRICT 09,Jeff Scott,LIB,1.0,0.0,0.0,41.0,0.0,41.0,N
"
MECKLENBURG",11/06/2018,073,1183.0,S,US HOUSE OF REPRESENTATIVES DISTRICT 09,Jeff Scott,LIB,1.0,17.0,8.0,0.0,0.0,25.0,Y
"
MECKLENBURG",11/06/2018,072,1183.0,S,US HOUSE OF REPRESENTATIVES DISTRICT 09,Jeff Scott,LIB,1.0,10.0,5.0,0.0,0.0,15.0,Y
"
MECKLENBURG",11/06/2018,112,1183.0,S,US HOUSE OF REPRESENTATIVES DISTRICT 09,Jeff Scott,LIB,1.0,20.0,14.0,0.0,0.0,34.0,Y
"
MECKLENBURG",11/06/2018,121,1183.0,S,US HOUSE OF REPRESENTATIVES DISTRICT 09,Jeff Scott,LIB,1.0,20.0,23.0,0.0,0.0,43.0,Y
"
MECKLENBURG",11/06/2018,118,1183.0,S,US HOUSE OF REPRESENTATIVES DISTRICT 09,Jeff Scott,LIB,1.0,19.0,7.0,0.0,0.0,26.0,Y
"
MECKLENBURG",11/06/2018,092,1183.0,S,US HOUSE OF REPRESENTATIVES DISTRICT 09,Jeff Scott,LIB,1.0,25.0,6.0,0.0,0.0,31.0,Y
"
MECKLENBURG",11/06/2018,217,1183.0,S,US HOUSE OF REPRESENTATIVES DISTRICT 09,Jeff Scott,LIB,1.0,16.0,5.0,0.0,0.0,21.0,Y
"
MECKLENBURG",11/06/2018,018,1183.0,S,US HOUSE OF REPRESENTATIVES DISTRICT 09,Jeff Scott,LIB,1.0,11.0,7.0,0.0,0.0,18.0,Y
"
MECKLENBURG",11/06/2018,220,1183.0,S,US HOUSE OF REPRESENTATIVES DISTRICT 09,Jeff Scott,LIB,1.0,21.0,17.0,0.0,0.0,38.0,Y
"
MECKLENBURG",11/06/2018,090,1183.0,S,US HOUSE OF REPRESENTATIVES DISTRICT 09,Jeff Scott,LIB,1.0,15.0,5.0,0.0,0.0,20.0,Y
"
MECKLENBURG",11/06/2018,075,1183.0,S,US HOUSE OF REPRESENTATIVES DISTRICT 09,Jeff Scott,LIB,1.0,17.0,11.0,0.0,0.0,28.0,Y
"
MECKLENBURG",11/06/2018,114,1183.0,S,US HOUSE OF REPRESENTATIVES DISTRICT 09,Jeff Scott,LIB,1.0,29.0,9.0,0.0,0.0,38.0,Y
"
MECKLENBURG",11/06/2018,216,1183.0,S,US HOUSE OF REPRESENTATIVES DISTRICT 09,Jeff Scott,LIB,1.0,26.0,33.0,0.0,0.0,59.0,Y
"
MECKLENBURG",11/06/2018,PROVISIONAL 1-35,1183.0,S,US HOUSE OF REPRESENTATIVES DISTRICT 09,Jeff Scott,LIB,1.0,0.0,0.0,0.0,1.0,1.0,N
"
MECKLENBURG",11/06/2018,091,1183.0,S,US HOUSE OF REPRESENTATIVES DISTRICT 09,Jeff Scott,LIB,1.0,25.0,17.0,0.0,0.0,42.0,Y
"
MECKLENBURG",11/06/2018,119,1183.0,S,US HOUSE OF REPRESENTATIVES DISTRICT 09,Jeff Scott,LIB,1.0,13.0,4.0,0.0,0.0,17.0,Y
"
MECKLENBURG",11/06/2018,071,1183.0,S,US HOUSE OF REPRESENTATIVES DISTRICT 09,Jeff Scott,LIB,1.0,15.0,2.0,0.0,0.0,17.0,Y
"
MECKLENBURG",11/06/2018,110,1183.0,S,US HOUSE OF REPRESENTATIVES DISTRICT 09,Jeff Scott,LIB,1.0,13.0,6.0,0.0,0.0,19.0,Y
"
MECKLENBURG",11/06/2018,CURBSIDE 1-35,1183.0,S,US HOUSE OF REPRESENTATIVES DISTRICT 09,Jeff Scott,LIB,1.0,0.0,0.0,0.0,0.0,0.0,N
"
MECKLENBURG",11/06/2018,218,1183.0,S,US HOUSE OF REPRESENTATIVES DISTRICT 09,Jeff Scott,LIB,1.0,27.0,6.0,0.0,0.0,33.0,Y
"
MECKLENBURG",11/06/2018,069,1183.0,S,US HOUSE OF REPRESENTATIVES DISTRICT 09,Jeff Scott,LIB,1.0,26.0,21.0,0.0,0.0,47.0,Y
"
MECKLENBURG",11/06/2018,103,1183.0,S,US HOUSE OF REPRESENTATIVES DISTRICT 09,Jeff Scott,LIB,1.0,10.0,13.0,0.0,0.0,23.0,Y
"
MECKLENBURG",11/06/2018,100,1183.0,S,US HOUSE OF REPRESENTATIVES DISTRICT 09,Jeff Scott,LIB,1.0,19.0,12.0,0.0,0.0,31.0,Y
"
MECKLENBURG",11/06/2018,101,1183.0,S,US HOUSE OF REPRESENTATIVES DISTRICT 09,Jeff Scott,LIB,1.0,26.0,7.0,0.0,0.0,33.0,Y
"
MECKLENBURG",11/06/2018,002,1183.0,S,US HOUSE OF REPRESENTATIVES DISTRICT 09,Jeff Scott,LIB,1.0,3.0,2.0,0.0,0.0,5.0,Y
"
MECKLENBURG",11/06/2018,019,1183.0,S,US HOUSE OF REPRESENTATIVES DISTRICT 09,Jeff Scott,LIB,1.0,8.0,6.0,0.0,0.0,14.0,Y
"
MECKLENBURG",11/06/2018,032,1183.0,S,US HOUSE OF REPRESENTATIVES DISTRICT 09,Jeff Scott,LIB,1.0,7.0,5.0,0.0,0.0,12.0,Y
"
MECKLENBURG",11/06/2018,057,1183.0,S,US HOUSE OF REPRESENTATIVES DISTRICT 09,Jeff Scott,LIB,1.0,18.0,12.0,0.0,0.0,30.0,Y
"
MECKLENBURG",11/06/2018,233,1183.0,S,US HOUSE OF REPRESENTATIVES DISTRICT 09,Jeff Scott,LIB,1.0,22.0,12.0,0.0,0.0,34.0,Y
"
MECKLENBURG",11/06/2018,226,1183.0,S,US HOUSE OF REPRESENTATIVES DISTRICT 09,Jeff Scott,LIB,1.0,26.0,19.0,0.0,0.0,45.0,Y
"
MECKLENBURG",11/06/2018,CURBSIDE 36-70,1183.0,S,US HOUSE OF REPRESENTATIVES DISTRICT 09,Jeff Scott,LIB,1.0,8.0,0.0,0.0,0.0,8.0,N
"
MECKLENBURG",11/06/2018,219,1183.0,S,US HOUSE OF REPRESENTATIVES DISTRICT 09,Jeff Scott,LIB,1.0,23.0,18.0,0.0,0.0,41.0,Y
"
MECKLENBURG",11/06/2018,070,1183.0,S,US HOUSE OF REPRESENTATIVES DISTRICT 09,Jeff Scott,LIB,1.0,10.0,2.0,0.0,0.0,12.0,Y
"
MECKLENBURG",11/06/2018,ABSENTEE BY MAIL 71-106,1183.0,S,US HOUSE OF REPRESENTATIVES DISTRICT 09,Jeff Scott,LIB,1.0,0.0,0.0,9.0,0.0,9.0,N
"
MECKLENBURG",11/06/2018,139.1,1183.0,S,US HOUSE OF REPRESENTATIVES DISTRICT 09,Jeff Scott,LIB,1.0,27.0,14.0,0.0,0.0,41.0,Y
"
MECKLENBURG",11/06/2018,136,1183.0,S,US HOUSE OF REPRESENTATIVES DISTRICT 09,Jeff Scott,LIB,1.0,9.0,14.0,0.0,0.0,23.0,Y
"
MECKLENBURG",11/06/2018,221,1183.0,S,US HOUSE OF REPRESENTATIVES DISTRICT 09,Jeff Scott,LIB,1.0,46.0,22.0,0.0,0.0,68.0,Y
"
MECKLENBURG",11/06/2018,008,1183.0,S,US HOUSE OF REPRESENTATIVES DISTRICT 09,Jeff Scott,LIB,1.0,15.0,4.0,0.0,0.0,19.0,Y
"
MECKLENBURG",11/06/2018,018,1183.0,S,US HOUSE OF REPRESENTATIVES DISTRICT 09,Mark Harris,REP,1.0,292.0,204.0,0.0,0.0,496.0,Y
"
MECKLENBURG",11/06/2018,131,1183.0,S,US HOUSE OF REPRESENTATIVES DISTRICT 09,Mark Harris,REP,1.0,232.0,324.0,0.0,0.0,556.0,Y
"
MECKLENBURG",11/06/2018,112,1183.0,S,US HOUSE OF REPRESENTATIVES DISTRICT 09,Mark Harris,REP,1.0,372.0,323.0,0.0,0.0,695.0,Y
"
MECKLENBURG",11/06/2018,118,1183.0,S,US HOUSE OF REPRESENTATIVES DISTRICT 09,Mark Harris,REP,1.0,386.0,287.0,0.0,0.0,673.0,Y
"
MECKLENBURG",11/06/2018,075,1183.0,S,US HOUSE OF REPRESENTATIVES DISTRICT 09,Mark Harris,REP,1.0,431.0,459.0,0.0,0.0,890.0,Y
"
MECKLENBURG",11/06/2018,073,1183.0,S,US HOUSE OF REPRESENTATIVES DISTRICT 09,Mark Harris,REP,1.0,228.0,196.0,0.0,0.0,424.0,Y
"
MECKLENBURG",11/06/2018,072,1183.0,S,US HOUSE OF REPRESENTATIVES DISTRICT 09,Mark Harris,REP,1.0,207.0,173.0,0.0,0.0,380.0,Y
"
MECKLENBURG",11/06/2018,092,1183.0,S,US HOUSE OF REPRESENTATIVES DISTRICT 09,Mark Harris,REP,1.0,390.0,369.0,0.0,0.0,759.0,Y
"
MECKLENBURG",11/06/2018,137,1183.0,S,US HOUSE OF REPRESENTATIVES DISTRICT 09,Mark Harris,REP,1.0,892.0,687.0,0.0,0.0,1579.0,Y
"
MECKLENBURG",11/06/2018,ABSENTEE BY MAIL 1-35,1183.0,S,US HOUSE OF REPRESENTATIVES DISTRICT 09,Mark Harris,REP,1.0,0.0,0.0,341.0,0.0,341.0,N
"
MECKLENBURG",11/06/2018,217,1183.0,S,US HOUSE OF REPRESENTATIVES DISTRICT 09,Mark Harris,REP,1.0,291.0,332.0,0.0,0.0,623.0,Y
"
MECKLENBURG",11/06/2018,114,1183.0,S,US HOUSE OF REPRESENTATIVES DISTRICT 09,Mark Harris,REP,1.0,397.0,414.0,0.0,0.0,811.0,Y
"
MECKLENBURG",11/06/2018,PROVISIONAL 71-106,1183.0,S,US HOUSE OF REPRESENTATIVES DISTRICT 09,Mark Harris,REP,1.0,0.0,0.0,0.0,9.0,9.0,N
"
MECKLENBURG",11/06/2018,232,1183.0,S,US HOUSE OF REPRESENTATIVES DISTRICT 09,Mark Harris,REP,1.0,661.0,685.0,0.0,0.0,1346.0,Y
"
MECKLENBURG",11/06/2018,220,1183.0,S,US HOUSE OF REPRESENTATIVES DISTRICT 09,Mark Harris,REP,1.0,441.0,689.0,0.0,0.0,1130.0,Y
"
MECKLENBURG",11/06/2018,216,1183.0,S,US HOUSE OF REPRESENTATIVES DISTRICT 09,Mark Harris,REP,1.0,490.0,703.0,0.0,0.0,1193.0,Y
"
MECKLENBURG",11/06/2018,048,1183.0,S,US HOUSE OF REPRESENTATIVES DISTRICT 09,Mark Harris,REP,1.0,328.0,283.0,0.0,0.0,611.0,Y
"
MECKLENBURG",11/06/2018,236,1183.0,S,US HOUSE OF REPRESENTATIVES DISTRICT 09,Mark Harris,REP,1.0,660.0,964.0,0.0,0.0,1624.0,Y
"
MECKLENBURG",11/06/2018,221,1183.0,S,US HOUSE OF REPRESENTATIVES DISTRICT 09,Mark Harris,REP,1.0,633.0,983.0,0.0,0.0,1616.0,Y
"
MECKLENBURG",11/06/2018,086,1183.0,S,US HOUSE OF REPRESENTATIVES DISTRICT 09,Mark Harris,REP,1.0,300.0,401.0,0.0,0.0,701.0,Y
"
MECKLENBURG",11/06/2018,113,1183.0,S,US HOUSE OF REPRESENTATIVES DISTRICT 09,Mark Harris,REP,1.0,555.0,473.0,0.0,0.0,1028.0,Y
"
MECKLENBURG",11/06/2018,076,1183.0,S,US HOUSE OF REPRESENTATIVES DISTRICT 09,Mark Harris,REP,1.0,332.0,407.0,0.0,0.0,739.0,Y
"
MECKLENBURG",11/06/2018,093,1183.0,S,US HOUSE OF REPRESENTATIVES DISTRICT 09,Mark Harris,REP,1.0,334.0,275.0,0.0,0.0,609.0,Y
"
MECKLENBURG",11/06/2018,096,1183.0,S,US HOUSE OF REPRESENTATIVES DISTRICT 09,Mark Harris,REP,1.0,229.0,251.0,0.0,0.0,480.0,Y
"
MECKLENBURG",11/06/2018,111,1183.0,S,US HOUSE OF REPRESENTATIVES DISTRICT 09,Mark Harris,REP,1.0,321.0,384.0,0.0,0.0,705.0,Y
"
MECKLENBURG",11/06/2018,032,1183.0,S,US HOUSE OF REPRESENTATIVES DISTRICT 09,Mark Harris,REP,1.0,325.0,321.0,0.0,0.0,646.0,Y
"
MECKLENBURG",11/06/2018,074,1183.0,S,US HOUSE OF REPRESENTATIVES DISTRICT 09,Mark Harris,REP,1.0,351.0,451.0,0.0,0.0,802.0,Y
"
MECKLENBURG",11/06/2018,215,1183.0,S,US HOUSE OF REPRESENTATIVES DISTRICT 09,Mark Harris,REP,1.0,341.0,535.0,0.0,0.0,876.0,Y
"
MECKLENBURG",11/06/2018,110,1183.0,S,US HOUSE OF REPRESENTATIVES DISTRICT 09,Mark Harris,REP,1.0,207.0,170.0,0.0,0.0,377.0,Y
"
MECKLENBURG",11/06/2018,101,1183.0,S,US HOUSE OF REPRESENTATIVES DISTRICT 09,Mark Harris,REP,1.0,383.0,250.0,0.0,0.0,633.0,Y
"
MECKLENBURG",11/06/2018,136,1183.0,S,US HOUSE OF REPRESENTATIVES DISTRICT 09,Mark Harris,REP,1.0,246.0,469.0,0.0,0.0,715.0,Y
"
MECKLENBURG",11/06/2018,226,1183.0,S,US HOUSE OF REPRESENTATIVES DISTRICT 09,Mark Harris,REP,1.0,394.0,468.0,0.0,0.0,862.0,Y
"
MECKLENBURG",11/06/2018,CURBSIDE 36-70,1183.0,S,US HOUSE OF REPRESENTATIVES DISTRICT 09,Mark Harris,REP,1.0,180.0,0.0,0.0,0.0,180.0,N
"
MECKLENBURG",11/06/2018,CURBSIDE 71-106,1183.0,S,US HOUSE OF REPRESENTATIVES DISTRICT 09,Mark Harris,REP,1.0,31.0,0.0,0.0,0.0,31.0,N
"
MECKLENBURG",11/06/2018,PROVISIONAL 1-35,1183.0,S,US HOUSE OF REPRESENTATIVES DISTRICT 09,Mark Harris,REP,1.0,0.0,0.0,0.0,6.0,6.0,N
"
MECKLENBURG",11/06/2018,001,1183.0,S,US HOUSE OF REPRESENTATIVES DISTRICT 09,Mark Harris,REP,1.0,243.0,120.0,0.0,0.0,363.0,Y
"
MECKLENBURG",11/06/2018,070,1183.0,S,US HOUSE OF REPRESENTATIVES DISTRICT 09,Mark Harris,REP,1.0,322.0,336.0,0.0,0.0,658.0,Y
"
MECKLENBURG",11/06/2018,121,1183.0,S,US HOUSE OF REPRESENTATIVES DISTRICT 09,Mark Harris,REP,1.0,542.0,729.0,0.0,0.0,1271.0,Y
"
MECKLENBURG",11/06/2018,057,1183.0,S,US HOUSE OF REPRESENTATIVES DISTRICT 09,Mark Harris,REP,1.0,263.0,267.0,0.0,0.0,530.0,Y
"
MECKLENBURG",11/06/2018,CURBSIDE 1-35,1183.0,S,US HOUSE OF REPRESENTATIVES DISTRICT 09,Mark Harris,REP,1.0,58.0,0.0,0.0,0.0,58.0,N
"
MECKLENBURG",11/06/2018,008,1183.0,S,US HOUSE OF REPRESENTATIVES DISTRICT 09,Mark Harris,REP,1.0,330.0,313.0,0.0,0.0,643.0,Y
"
MECKLENBURG",11/06/2018,227,1183.0,S,US HOUSE OF REPRESENTATIVES DISTRICT 09,Mark Harris,REP,1.0,744.0,859.0,0.0,0.0,1603.0,Y
"
MECKLENBURG",11/06/2018,071,1183.0,S,US HOUSE OF REPRESENTATIVES DISTRICT 09,Mark Harris,REP,1.0,294.0,233.0,0.0,0.0,527.0,Y
"
MECKLENBURG",11/06/2018,019,1183.0,S,US HOUSE OF REPRESENTATIVES DISTRICT 09,Mark Harris,REP,1.0,232.0,214.0,0.0,0.0,446.0,Y
"
MECKLENBURG",11/06/2018,103,1183.0,S,US HOUSE OF REPRESENTATIVES DISTRICT 09,Mark Harris,REP,1.0,510.0,481.0,0.0,0.0,991.0,Y
"
MECKLENBURG",11/06/2018,100,1183.0,S,US HOUSE OF REPRESENTATIVES DISTRICT 09,Mark Harris,REP,1.0,425.0,303.0,0.0,0.0,728.0,Y
"
MECKLENBURG",11/06/2018,091,1183.0,S,US HOUSE OF REPRESENTATIVES DISTRICT 09,Mark Harris,REP,1.0,594.0,675.0,0.0,0.0,1269.0,Y
"
MECKLENBURG",11/06/2018,119,1183.0,S,US HOUSE OF REPRESENTATIVES DISTRICT 09,Mark Harris,REP,1.0,198.0,172.0,0.0,0.0,370.0,Y
"
MECKLENBURG",11/06/2018,139.1,1183.0,S,US HOUSE OF REPRESENTATIVES DISTRICT 09,Mark Harris,REP,1.0,390.0,439.0,0.0,0.0,829.0,Y
"
MECKLENBURG",11/06/2018,PROVISIONAL 36-70,1183.0,S,US HOUSE OF REPRESENTATIVES DISTRICT 09,Mark Harris,REP,1.0,0.0,0.0,0.0,37.0,37.0,N
"
MECKLENBURG",11/06/2018,002,1183.0,S,US HOUSE OF REPRESENTATIVES DISTRICT 09,Mark Harris,REP,1.0,20.0,7.0,0.0,0.0,27.0,Y
"
MECKLENBURG",11/06/2018,233,1183.0,S,US HOUSE OF REPRESENTATIVES DISTRICT 09,Mark Harris,REP,1.0,569.0,786.0,0.0,0.0,1355.0,Y
"
MECKLENBURG",11/06/2018,144,1183.0,S,US HOUSE OF REPRESENTATIVES DISTRICT 09,Mark Harris,REP,1.0,452.0,454.0,0.0,0.0,906.0,Y
"
MECKLENBURG",11/06/2018,090,1183.0,S,US HOUSE OF REPRESENTATIVES DISTRICT 09,Mark Harris,REP,1.0,205.0,210.0,0.0,0.0,415.0,Y
"
MECKLENBURG",11/06/2018,218,1183.0,S,US HOUSE OF REPRESENTATIVES DISTRICT 09,Mark Harris,REP,1.0,505.0,395.0,0.0,0.0,900.0,Y
"
MECKLENBURG",11/06/2018,219,1183.0,S,US HOUSE OF REPRESENTATIVES DISTRICT 09,Mark Harris,REP,1.0,344.0,446.0,0.0,0.0,790.0,Y
"
MECKLENBURG",11/06/2018,ABSENTEE BY MAIL 71-106,1183.0,S,US HOUSE OF REPRESENTATIVES DISTRICT 09,Mark Harris,REP,1.0,0.0,0.0,214.0,0.0,214.0,N
"
MECKLENBURG",11/06/2018,ABSENTEE BY MAIL 36-70,1183.0,S,US HOUSE OF REPRESENTATIVES DISTRICT 09,Mark Harris,REP,1.0,0.0,0.0,1381.0,0.0,1381.0,N
"
MECKLENBURG",11/06/2018,069,1183.0,S,US HOUSE OF REPRESENTATIVES DISTRICT 09,Mark Harris,REP,1.0,535.0,676.0,0.0,0.0,1211.0,Y
"
ROBESON",11/06/2018,05A,1183.0,S,US HOUSE OF REPRESENTATIVES DISTRICT 09,Dan McCready,DEM,1.0,394.0,618.0,12.0,10.0,1034.0,Y
"
ROBESON",11/06/2018,13,1183.0,S,US HOUSE OF REPRESENTATIVES DISTRICT 09,Dan McCready,DEM,1.0,220.0,248.0,17.0,10.0,495.0,Y
"
ROBESON",11/06/2018,32A,1183.0,S,US HOUSE OF REPRESENTATIVES DISTRICT 09,Dan McCready,DEM,1.0,484.0,493.0,29.0,19.0,1025.0,Y
"
ROBESON",11/06/2018,26A,1183.0,S,US HOUSE OF REPRESENTATIVES DISTRICT 09,Dan McCready,DEM,1.0,476.0,570.0,63.0,13.0,1122.0,Y
"
ROBESON",11/06/2018,10,1183.0,S,US HOUSE OF REPRESENTATIVES DISTRICT 09,Dan McCready,DEM,1.0,165.0,67.0,6.0,9.0,247.0,Y
"
ROBESON",11/06/2018,37,1183.0,S,US HOUSE OF REPRESENTATIVES DISTRICT 09,Dan McCready,DEM,1.0,48.0,19.0,6.0,2.0,75.0,Y
"
ROBESON",11/06/2018,23,1183.0,S,US HOUSE OF REPRESENTATIVES DISTRICT 09,Dan McCready,DEM,1.0,316.0,516.0,15.0,29.0,876.0,Y
"
ROBESON",11/06/2018,24,1183.0,S,US HOUSE OF REPRESENTATIVES DISTRICT 09,Dan McCready,DEM,1.0,129.0,101.0,4.0,3.0,237.0,Y
"
ROBESON",11/06/2018,09,1183.0,S,US HOUSE OF REPRESENTATIVES DISTRICT 09,Dan McCready,DEM,1.0,185.0,137.0,5.0,1.0,328.0,Y
"
ROBESON",11/06/2018,03,1183.0,S,US HOUSE OF REPRESENTATIVES DISTRICT 09,Dan McCready,DEM,1.0,140.0,115.0,3.0,5.0,263.0,Y
"
ROBESON",11/06/2018,11,1183.0,S,US HOUSE OF REPRESENTATIVES DISTRICT 09,Dan McCready,DEM,1.0,354.0,519.0,26.0,17.0,916.0,Y
"
ROBESON",11/06/2018,18A,1183.0,S,US HOUSE OF REPRESENTATIVES DISTRICT 09,Dan McCready,DEM,1.0,196.0,236.0,14.0,7.0,453.0,Y
"
ROBESON",11/06/2018,39,1183.0,S,US HOUSE OF REPRESENTATIVES DISTRICT 09,Dan McCready,DEM,1.0,295.0,89.0,2.0,2.0,388.0,Y
"
ROBESON",11/06/2018,22,1183.0,S,US HOUSE OF REPRESENTATIVES DISTRICT 09,Dan McCready,DEM,1.0,306.0,353.0,17.0,43.0,719.0,Y
"
ROBESON",11/06/2018,02,1183.0,S,US HOUSE OF REPRESENTATIVES DISTRICT 09,Dan McCready,DEM,1.0,311.0,297.0,5.0,7.0,620.0,Y
"
ROBESON",11/06/2018,08,1183.0,S,US HOUSE OF REPRESENTATIVES DISTRICT 09,Dan McCready,DEM,1.0,117.0,126.0,8.0,4.0,255.0,Y
"
ROBESON",11/06/2018,29,1183.0,S,US HOUSE OF REPRESENTATIVES DISTRICT 09,Dan McCready,DEM,1.0,378.0,103.0,17.0,3.0,501.0,Y
"
ROBESON",11/06/2018,35,1183.0,S,US HOUSE OF REPRESENTATIVES DISTRICT 09,Dan McCready,DEM,1.0,290.0,188.0,5.0,10.0,493.0,Y
"
ROBESON",11/06/2018,38,1183.0,S,US HOUSE OF REPRESENTATIVES DISTRICT 09,Dan McCready,DEM,1.0,84.0,21.0,1.0,1.0,107.0,Y
"
ROBESON",11/06/2018,34,1183.0,S,US HOUSE OF REPRESENTATIVES DISTRICT 09,Dan McCready,DEM,1.0,130.0,91.0,3.0,8.0,232.0,Y
"
ROBESON",11/06/2018,21,1183.0,S,US HOUSE OF REPRESENTATIVES DISTRICT 09,Dan McCready,DEM,1.0,294.0,138.0,14.0,12.0,458.0,Y
"
ROBESON",11/06/2018,20,1183.0,S,US HOUSE OF REPRESENTATIVES DISTRICT 09,Dan McCready,DEM,1.0,155.0,103.0,2.0,3.0,263.0,Y
"
ROBESON",11/06/2018,11A,1183.0,S,US HOUSE OF REPRESENTATIVES DISTRICT 09,Dan McCready,DEM,1.0,176.0,154.0,4.0,2.0,336.0,Y
"
ROBESON",11/06/2018,01,1183.0,S,US HOUSE OF REPRESENTATIVES DISTRICT 09,Dan McCready,DEM,1.0,156.0,95.0,6.0,2.0,259.0,Y
"
ROBESON",11/06/2018,41,1183.0,S,US HOUSE OF REPRESENTATIVES DISTRICT 09,Dan McCready,DEM,1.0,230.0,215.0,10.0,8.0,463.0,Y
"
ROBESON",11/06/2018,19,1183.0,S,US HOUSE OF REPRESENTATIVES DISTRICT 09,Dan McCready,DEM,1.0,431.0,481.0,18.0,14.0,944.0,Y
"
ROBESON",11/06/2018,16,1183.0,S,US HOUSE OF REPRESENTATIVES DISTRICT 09,Dan McCready,DEM,1.0,152.0,289.0,5.0,27.0,473.0,Y
"
ROBESON",11/06/2018,14,1183.0,S,US HOUSE OF REPRESENTATIVES DISTRICT 09,Dan McCready,DEM,1.0,134.0,103.0,6.0,8.0,251.0,Y
"
ROBESON",11/06/2018,25,1183.0,S,US HOUSE OF REPRESENTATIVES DISTRICT 09,Dan McCready,DEM,1.0,222.0,151.0,4.0,0.0,377.0,Y
"
ROBESON",11/06/2018,36,1183.0,S,US HOUSE OF REPRESENTATIVES DISTRICT 09,Dan McCready,DEM,1.0,131.0,175.0,1.0,5.0,312.0,Y
"
ROBESON",11/06/2018,04,1183.0,S,US HOUSE OF REPRESENTATIVES DISTRICT 09,Dan McCready,DEM,1.0,298.0,191.0,13.0,7.0,509.0,Y
"
ROBESON",11/06/2018,28,1183.0,S,US HOUSE OF REPRESENTATIVES DISTRICT 09,Dan McCready,DEM,1.0,170.0,43.0,8.0,1.0,222.0,Y
"
ROBESON",11/06/2018,07,1183.0,S,US HOUSE OF REPRESENTATIVES DISTRICT 09,Dan McCready,DEM,1.0,186.0,40.0,8.0,3.0,237.0,Y
"
ROBESON",11/06/2018,33,1183.0,S,US HOUSE OF REPRESENTATIVES DISTRICT 09,Dan McCready,DEM,1.0,83.0,38.0,4.0,1.0,126.0,Y
"
ROBESON",11/06/2018,30,1183.0,S,US HOUSE OF REPRESENTATIVES DISTRICT 09,Dan McCready,DEM,1.0,386.0,181.0,13.0,9.0,589.0,Y
"
ROBESON",11/06/2018,12,1183.0,S,US HOUSE OF REPRESENTATIVES DISTRICT 09,Dan McCready,DEM,1.0,190.0,364.0,15.0,8.0,577.0,Y
"
ROBESON",11/06/2018,15,1183.0,S,US HOUSE OF REPRESENTATIVES DISTRICT 09,Dan McCready,DEM,1.0,120.0,246.0,9.0,9.0,384.0,Y
"
ROBESON",11/06/2018,17,1183.0,S,US HOUSE OF REPRESENTATIVES DISTRICT 09,Dan McCready,DEM,1.0,47.0,45.0,4.0,7.0,103.0,Y
"
ROBESON",11/06/2018,40,1183.0,S,US HOUSE OF REPRESENTATIVES DISTRICT 09,Dan McCready,DEM,1.0,96.0,51.0,1.0,2.0,150.0,Y
"
ROBESON",11/06/2018,17,1183.0,S,US HOUSE OF REPRESENTATIVES DISTRICT 09,Jeff Scott,LIB,1.0,5.0,2.0,2.0,1.0,10.0,Y
"
ROBESON",11/06/2018,36,1183.0,S,US HOUSE OF REPRESENTATIVES DISTRICT 09,Jeff Scott,LIB,1.0,1.0,2.0,0.0,0.0,3.0,Y
"
ROBESON",11/06/2018,15,1183.0,S,US HOUSE OF REPRESENTATIVES DISTRICT 09,Jeff Scott,LIB,1.0,5.0,3.0,1.0,0.0,9.0,Y
"
ROBESON",11/06/2018,18A,1183.0,S,US HOUSE OF REPRESENTATIVES DISTRICT 09,Jeff Scott,LIB,1.0,9.0,9.0,1.0,0.0,19.0,Y
"
ROBESON",11/06/2018,12,1183.0,S,US HOUSE OF REPRESENTATIVES DISTRICT 09,Jeff Scott,LIB,1.0,5.0,4.0,0.0,0.0,9.0,Y
"
ROBESON",11/06/2018,34,1183.0,S,US HOUSE OF REPRESENTATIVES DISTRICT 09,Jeff Scott,LIB,1.0,18.0,7.0,0.0,2.0,27.0,Y
"
ROBESON",11/06/2018,35,1183.0,S,US HOUSE OF REPRESENTATIVES DISTRICT 09,Jeff Scott,LIB,1.0,24.0,6.0,0.0,0.0,30.0,Y
"
ROBESON",11/06/2018,14,1183.0,S,US HOUSE OF REPRESENTATIVES DISTRICT 09,Jeff Scott,LIB,1.0,5.0,4.0,0.0,1.0,10.0,Y
"
ROBESON",11/06/2018,16,1183.0,S,US HOUSE OF REPRESENTATIVES DISTRICT 09,Jeff Scott,LIB,1.0,2.0,10.0,0.0,0.0,12.0,Y
"
ROBESON",11/06/2018,19,1183.0,S,US HOUSE OF REPRESENTATIVES DISTRICT 09,Jeff Scott,LIB,1.0,7.0,25.0,1.0,2.0,35.0,Y
"
ROBESON",11/06/2018,01,1183.0,S,US HOUSE OF REPRESENTATIVES DISTRICT 09,Jeff Scott,LIB,1.0,6.0,5.0,1.0,0.0,12.0,Y
"
ROBESON",11/06/2018,20,1183.0,S,US HOUSE OF REPRESENTATIVES DISTRICT 09,Jeff Scott,LIB,1.0,10.0,5.0,0.0,0.0,15.0,Y
"
ROBESON",11/06/2018,39,1183.0,S,US HOUSE OF REPRESENTATIVES DISTRICT 09,Jeff Scott,LIB,1.0,18.0,7.0,0.0,0.0,25.0,Y
"
ROBESON",11/06/2018,38,1183.0,S,US HOUSE OF REPRESENTATIVES DISTRICT 09,Jeff Scott,LIB,1.0,7.0,3.0,1.0,0.0,11.0,Y
"
ROBESON",11/06/2018,11A,1183.0,S,US HOUSE OF REPRESENTATIVES DISTRICT 09,Jeff Scott,LIB,1.0,11.0,8.0,0.0,0.0,19.0,Y
"
ROBESON",11/06/2018,04,1183.0,S,US HOUSE OF REPRESENTATIVES DISTRICT 09,Jeff Scott,LIB,1.0,37.0,7.0,0.0,0.0,44.0,Y
"
ROBESON",11/06/2018,07,1183.0,S,US HOUSE OF REPRESENTATIVES DISTRICT 09,Jeff Scott,LIB,1.0,7.0,1.0,0.0,0.0,8.0,Y
"
ROBESON",11/06/2018,25,1183.0,S,US HOUSE OF REPRESENTATIVES DISTRICT 09,Jeff Scott,LIB,1.0,10.0,6.0,0.0,0.0,16.0,Y
"
ROBESON",11/06/2018,28,1183.0,S,US HOUSE OF REPRESENTATIVES DISTRICT 09,Jeff Scott,LIB,1.0,8.0,2.0,0.0,0.0,10.0,Y
"
ROBESON",11/06/2018,41,1183.0,S,US HOUSE OF REPRESENTATIVES DISTRICT 09,Jeff Scott,LIB,1.0,20.0,14.0,0.0,0.0,34.0,Y
"
ROBESON",11/06/2018,29,1183.0,S,US HOUSE OF REPRESENTATIVES DISTRICT 09,Jeff Scott,LIB,1.0,8.0,5.0,2.0,1.0,16.0,Y
"
ROBESON",11/06/2018,08,1183.0,S,US HOUSE OF REPRESENTATIVES DISTRICT 09,Jeff Scott,LIB,1.0,10.0,6.0,2.0,0.0,18.0,Y
"
ROBESON",11/06/2018,11,1183.0,S,US HOUSE OF REPRESENTATIVES DISTRICT 09,Jeff Scott,LIB,1.0,11.0,12.0,4.0,0.0,27.0,Y
"
ROBESON",11/06/2018,26A,1183.0,S,US HOUSE OF REPRESENTATIVES DISTRICT 09,Jeff Scott,LIB,1.0,10.0,19.0,0.0,0.0,29.0,Y
"
ROBESON",11/06/2018,22,1183.0,S,US HOUSE OF REPRESENTATIVES DISTRICT 09,Jeff Scott,LIB,1.0,29.0,28.0,0.0,3.0,60.0,Y
"
ROBESON",11/06/2018,02,1183.0,S,US HOUSE OF REPRESENTATIVES DISTRICT 09,Jeff Scott,LIB,1.0,20.0,14.0,0.0,0.0,34.0,Y
"
ROBESON",11/06/2018,21,1183.0,S,US HOUSE OF REPRESENTATIVES DISTRICT 09,Jeff Scott,LIB,1.0,13.0,2.0,0.0,1.0,16.0,Y
"
ROBESON",11/06/2018,13,1183.0,S,US HOUSE OF REPRESENTATIVES DISTRICT 09,Jeff Scott,LIB,1.0,9.0,6.0,0.0,0.0,15.0,Y
"
ROBESON",11/06/2018,37,1183.0,S,US HOUSE OF REPRESENTATIVES DISTRICT 09,Jeff Scott,LIB,1.0,3.0,3.0,0.0,0.0,6.0,Y
"
ROBESON",11/06/2018,30,1183.0,S,US HOUSE OF REPRESENTATIVES DISTRICT 09,Jeff Scott,LIB,1.0,18.0,8.0,0.0,1.0,27.0,Y
"
ROBESON",11/06/2018,33,1183.0,S,US HOUSE OF REPRESENTATIVES DISTRICT 09,Jeff Scott,LIB,1.0,9.0,0.0,0.0,0.0,9.0,Y
"
ROBESON",11/06/2018,23,1183.0,S,US HOUSE OF REPRESENTATIVES DISTRICT 09,Jeff Scott,LIB,1.0,18.0,25.0,0.0,0.0,43.0,Y
"
ROBESON",11/06/2018,24,1183.0,S,US HOUSE OF REPRESENTATIVES DISTRICT 09,Jeff Scott,LIB,1.0,7.0,3.0,0.0,0.0,10.0,Y
"
ROBESON",11/06/2018,32A,1183.0,S,US HOUSE OF REPRESENTATIVES DISTRICT 09,Jeff Scott,LIB,1.0,21.0,17.0,0.0,0.0,38.0,Y
"
ROBESON",11/06/2018,03,1183.0,S,US HOUSE OF REPRESENTATIVES DISTRICT 09,Jeff Scott,LIB,1.0,8.0,3.0,1.0,0.0,12.0,Y
"
ROBESON",11/06/2018,09,1183.0,S,US HOUSE OF REPRESENTATIVES DISTRICT 09,Jeff Scott,LIB,1.0,6.0,1.0,1.0,0.0,8.0,Y
"
ROBESON",11/06/2018,40,1183.0,S,US HOUSE OF REPRESENTATIVES DISTRICT 09,Jeff Scott,LIB,1.0,3.0,0.0,0.0,0.0,3.0,Y
"
ROBESON",11/06/2018,05A,1183.0,S,US HOUSE OF REPRESENTATIVES DISTRICT 09,Jeff Scott,LIB,1.0,13.0,19.0,1.0,2.0,35.0,Y
"
ROBESON",11/06/2018,10,1183.0,S,US HOUSE OF REPRESENTATIVES DISTRICT 09,Jeff Scott,LIB,1.0,11.0,2.0,0.0,0.0,13.0,Y
"
ROBESON",11/06/2018,41,1183.0,S,US HOUSE OF REPRESENTATIVES DISTRICT 09,Mark Harris,REP,1.0,600.0,256.0,9.0,11.0,876.0,Y
"
ROBESON",11/06/2018,25,1183.0,S,US HOUSE OF REPRESENTATIVES DISTRICT 09,Mark Harris,REP,1.0,146.0,81.0,2.0,2.0,231.0,Y
"
ROBESON",11/06/2018,07,1183.0,S,US HOUSE OF REPRESENTATIVES DISTRICT 09,Mark Harris,REP,1.0,81.0,23.0,4.0,0.0,108.0,Y
"
ROBESON",11/06/2018,28,1183.0,S,US HOUSE OF REPRESENTATIVES DISTRICT 09,Mark Harris,REP,1.0,161.0,27.0,3.0,1.0,192.0,Y
"
ROBESON",11/06/2018,04,1183.0,S,US HOUSE OF REPRESENTATIVES DISTRICT 09,Mark Harris,REP,1.0,214.0,106.0,7.0,3.0,330.0,Y
"
ROBESON",11/06/2018,39,1183.0,S,US HOUSE OF REPRESENTATIVES DISTRICT 09,Mark Harris,REP,1.0,152.0,53.0,5.0,1.0,211.0,Y
"
ROBESON",11/06/2018,38,1183.0,S,US HOUSE OF REPRESENTATIVES DISTRICT 09,Mark Harris,REP,1.0,52.0,27.0,2.0,0.0,81.0,Y
"
ROBESON",11/06/2018,19,1183.0,S,US HOUSE OF REPRESENTATIVES DISTRICT 09,Mark Harris,REP,1.0,136.0,101.0,7.0,6.0,250.0,Y
"
ROBESON",11/06/2018,20,1183.0,S,US HOUSE OF REPRESENTATIVES DISTRICT 09,Mark Harris,REP,1.0,200.0,55.0,2.0,0.0,257.0,Y
"
ROBESON",11/06/2018,11A,1183.0,S,US HOUSE OF REPRESENTATIVES DISTRICT 09,Mark Harris,REP,1.0,149.0,117.0,2.0,1.0,269.0,Y
"
ROBESON",11/06/2018,16,1183.0,S,US HOUSE OF REPRESENTATIVES DISTRICT 09,Mark Harris,REP,1.0,4.0,9.0,1.0,2.0,16.0,Y
"
ROBESON",11/06/2018,01,1183.0,S,US HOUSE OF REPRESENTATIVES DISTRICT 09,Mark Harris,REP,1.0,113.0,60.0,0.0,1.0,174.0,Y
"
ROBESON",11/06/2018,03,1183.0,S,US HOUSE OF REPRESENTATIVES DISTRICT 09,Mark Harris,REP,1.0,309.0,131.0,7.0,0.0,447.0,Y
"
ROBESON",11/06/2018,23,1183.0,S,US HOUSE OF REPRESENTATIVES DISTRICT 09,Mark Harris,REP,1.0,214.0,294.0,15.0,7.0,530.0,Y
"
ROBESON",11/06/2018,24,1183.0,S,US HOUSE OF REPRESENTATIVES DISTRICT 09,Mark Harris,REP,1.0,112.0,60.0,3.0,2.0,177.0,Y
"
ROBESON",11/06/2018,15,1183.0,S,US HOUSE OF REPRESENTATIVES DISTRICT 09,Mark Harris,REP,1.0,27.0,32.0,0.0,8.0,67.0,Y
"
ROBESON",11/06/2018,17,1183.0,S,US HOUSE OF REPRESENTATIVES DISTRICT 09,Mark Harris,REP,1.0,33.0,13.0,0.0,0.0,46.0,Y
"
ROBESON",11/06/2018,05A,1183.0,S,US HOUSE OF REPRESENTATIVES DISTRICT 09,Mark Harris,REP,1.0,225.0,247.0,1.0,3.0,476.0,Y
"
ROBESON",11/06/2018,12,1183.0,S,US HOUSE OF REPRESENTATIVES DISTRICT 09,Mark Harris,REP,1.0,116.0,99.0,3.0,2.0,220.0,Y
"
ROBESON",11/06/2018,36,1183.0,S,US HOUSE OF REPRESENTATIVES DISTRICT 09,Mark Harris,REP,1.0,140.0,46.0,3.0,2.0,191.0,Y
"
ROBESON",11/06/2018,32A,1183.0,S,US HOUSE OF REPRESENTATIVES DISTRICT 09,Mark Harris,REP,1.0,453.0,478.0,65.0,4.0,1000.0,Y
"
ROBESON",11/06/2018,10,1183.0,S,US HOUSE OF REPRESENTATIVES DISTRICT 09,Mark Harris,REP,1.0,151.0,41.0,3.0,2.0,197.0,Y
"
ROBESON",11/06/2018,09,1183.0,S,US HOUSE OF REPRESENTATIVES DISTRICT 09,Mark Harris,REP,1.0,182.0,69.0,8.0,0.0,259.0,Y
"
ROBESON",11/06/2018,40,1183.0,S,US HOUSE OF REPRESENTATIVES DISTRICT 09,Mark Harris,REP,1.0,90.0,22.0,0.0,1.0,113.0,Y
"
ROBESON",11/06/2018,37,1183.0,S,US HOUSE OF REPRESENTATIVES DISTRICT 09,Mark Harris,REP,1.0,175.0,41.0,2.0,2.0,220.0,Y
"
ROBESON",11/06/2018,21,1183.0,S,US HOUSE OF REPRESENTATIVES DISTRICT 09,Mark Harris,REP,1.0,346.0,107.0,11.0,8.0,472.0,Y
"
ROBESON",11/06/2018,18A,1183.0,S,US HOUSE OF REPRESENTATIVES DISTRICT 09,Mark Harris,REP,1.0,238.0,185.0,10.0,3.0,436.0,Y
"
ROBESON",11/06/2018,13,1183.0,S,US HOUSE OF REPRESENTATIVES DISTRICT 09,Mark Harris,REP,1.0,182.0,147.0,4.0,1.0,334.0,Y
"
ROBESON",11/06/2018,33,1183.0,S,US HOUSE OF REPRESENTATIVES DISTRICT 09,Mark Harris,REP,1.0,61.0,27.0,2.0,0.0,90.0,Y
"
ROBESON",11/06/2018,30,1183.0,S,US HOUSE OF REPRESENTATIVES DISTRICT 09,Mark Harris,REP,1.0,243.0,156.0,12.0,4.0,415.0,Y
"
ROBESON",11/06/2018,14,1183.0,S,US HOUSE OF REPRESENTATIVES DISTRICT 09,Mark Harris,REP,1.0,104.0,70.0,7.0,2.0,183.0,Y
"
ROBESON",11/06/2018,35,1183.0,S,US HOUSE OF REPRESENTATIVES DISTRICT 09,Mark Harris,REP,1.0,259.0,145.0,7.0,0.0,411.0,Y
"
ROBESON",11/06/2018,26A,1183.0,S,US HOUSE OF REPRESENTATIVES DISTRICT 09,Mark Harris,REP,1.0,169.0,176.0,6.0,3.0,354.0,Y
"
ROBESON",11/06/2018,34,1183.0,S,US HOUSE OF REPRESENTATIVES DISTRICT 09,Mark Harris,REP,1.0,169.0,51.0,2.0,4.0,226.0,Y
"
ROBESON",11/06/2018,11,1183.0,S,US HOUSE OF REPRESENTATIVES DISTRICT 09,Mark Harris,REP,1.0,662.0,721.0,23.0,12.0,1418.0,Y
"
ROBESON",11/06/2018,08,1183.0,S,US HOUSE OF REPRESENTATIVES DISTRICT 09,Mark Harris,REP,1.0,369.0,157.0,10.0,2.0,538.0,Y
"
ROBESON",11/06/2018,22,1183.0,S,US HOUSE OF REPRESENTATIVES DISTRICT 09,Mark Harris,REP,1.0,207.0,199.0,5.0,6.0,417.0,Y
"
ROBESON",11/06/2018,29,1183.0,S,US HOUSE OF REPRESENTATIVES DISTRICT 09,Mark Harris,REP,1.0,163.0,41.0,6.0,3.0,213.0,Y
"
ROBESON",11/06/2018,02,1183.0,S,US HOUSE OF REPRESENTATIVES DISTRICT 09,Mark Harris,REP,1.0,131.0,109.0,0.0,6.0,246.0,Y
"
UNION",11/06/2018,014,1183.0,S,US HOUSE OF REPRESENTATIVES DISTRICT 09,Dan McCready,DEM,1.0,109.0,151.0,6.0,1.0,267.0,Y
"
UNION",11/06/2018,023,1183.0,S,US HOUSE OF REPRESENTATIVES DISTRICT 09,Dan McCready,DEM,1.0,124.0,279.0,12.0,1.0,416.0,Y
"
UNION",11/06/2018,026,1183.0,S,US HOUSE OF REPRESENTATIVES DISTRICT 09,Dan McCready,DEM,1.0,105.0,116.0,11.0,0.0,232.0,Y
"
UNION",11/06/2018,029A,1183.0,S,US HOUSE OF REPRESENTATIVES DISTRICT 09,Dan McCready,DEM,1.0,460.0,842.0,42.0,8.0,1352.0,Y
"
UNION",11/06/2018,038B,1183.0,S,US HOUSE OF REPRESENTATIVES DISTRICT 09,Dan McCready,DEM,1.0,275.0,276.0,25.0,0.0,576.0,Y
"
UNION",11/06/2018,043,1183.0,S,US HOUSE OF REPRESENTATIVES DISTRICT 09,Dan McCready,DEM,1.0,180.0,168.0,15.0,3.0,366.0,Y
"
UNION",11/06/2018,021,1183.0,S,US HOUSE OF REPRESENTATIVES DISTRICT 09,Dan McCready,DEM,1.0,133.0,192.0,10.0,1.0,336.0,Y
"
UNION",11/06/2018,011,1183.0,S,US HOUSE OF REPRESENTATIVES DISTRICT 09,Dan McCready,DEM,1.0,90.0,118.0,13.0,0.0,221.0,Y
"
UNION",11/06/2018,CURBSIDE,1183.0,S,US HOUSE OF REPRESENTATIVES DISTRICT 09,Dan McCready,DEM,1.0,0.0,0.0,0.0,0.0,0.0,N
"
UNION",11/06/2018,037A,1183.0,S,US HOUSE OF REPRESENTATIVES DISTRICT 09,Dan McCready,DEM,1.0,472.0,888.0,50.0,8.0,1418.0,Y
"
UNION",11/06/2018,031,1183.0,S,US HOUSE OF REPRESENTATIVES DISTRICT 09,Dan McCready,DEM,1.0,356.0,495.0,44.0,2.0,897.0,Y
"
UNION",11/06/2018,019,1183.0,S,US HOUSE OF REPRESENTATIVES DISTRICT 09,Dan McCready,DEM,1.0,385.0,777.0,43.0,12.0,1217.0,Y
"
UNION",11/06/2018,002,1183.0,S,US HOUSE OF REPRESENTATIVES DISTRICT 09,Dan McCready,DEM,1.0,201.0,352.0,9.0,4.0,566.0,Y
"
UNION",11/06/2018,003,1183.0,S,US HOUSE OF REPRESENTATIVES DISTRICT 09,Dan McCready,DEM,1.0,128.0,164.0,22.0,7.0,321.0,Y
"
UNION",11/06/2018,017A,1183.0,S,US HOUSE OF REPRESENTATIVES DISTRICT 09,Dan McCready,DEM,1.0,222.0,419.0,30.0,1.0,672.0,Y
"
UNION",11/06/2018,032,1183.0,S,US HOUSE OF REPRESENTATIVES DISTRICT 09,Dan McCready,DEM,1.0,170.0,434.0,31.0,2.0,637.0,Y
"
UNION",11/06/2018,010,1183.0,S,US HOUSE OF REPRESENTATIVES DISTRICT 09,Dan McCready,DEM,1.0,128.0,304.0,3.0,2.0,437.0,Y
"
UNION",11/06/2018,016,1183.0,S,US HOUSE OF REPRESENTATIVES DISTRICT 09,Dan McCready,DEM,1.0,410.0,670.0,42.0,4.0,1126.0,Y
"
UNION",11/06/2018,013,1183.0,S,US HOUSE OF REPRESENTATIVES DISTRICT 09,Dan McCready,DEM,1.0,93.0,133.0,5.0,2.0,233.0,Y
"
UNION",11/06/2018,037B,1183.0,S,US HOUSE OF REPRESENTATIVES DISTRICT 09,Dan McCready,DEM,1.0,156.0,188.0,12.0,1.0,357.0,Y
"
UNION",11/06/2018,020A,1183.0,S,US HOUSE OF REPRESENTATIVES DISTRICT 09,Dan McCready,DEM,1.0,504.0,680.0,47.0,4.0,1235.0,Y
"
UNION",11/06/2018,020B,1183.0,S,US HOUSE OF REPRESENTATIVES DISTRICT 09,Dan McCready,DEM,1.0,281.0,641.0,57.0,2.0,981.0,Y
"
UNION",11/06/2018,030,1183.0,S,US HOUSE OF REPRESENTATIVES DISTRICT 09,Dan McCready,DEM,1.0,347.0,617.0,41.0,10.0,1015.0,Y
"
UNION",11/06/2018,029B,1183.0,S,US HOUSE OF REPRESENTATIVES DISTRICT 09,Dan McCready,DEM,1.0,187.0,245.0,15.0,0.0,447.0,Y
"
UNION",11/06/2018,027,1183.0,S,US HOUSE OF REPRESENTATIVES DISTRICT 09,Dan McCready,DEM,1.0,106.0,132.0,5.0,4.0,247.0,Y
"
UNION",11/06/2018,024,1183.0,S,US HOUSE OF REPRESENTATIVES DISTRICT 09,Dan McCready,DEM,1.0,116.0,178.0,13.0,0.0,307.0,Y
"
UNION",11/06/2018,TRANSFER,1183.0,S,US HOUSE OF REPRESENTATIVES DISTRICT 09,Dan McCready,DEM,1.0,0.0,0.0,0.0,0.0,0.0,N
"
UNION",11/06/2018,012,1183.0,S,US HOUSE OF REPRESENTATIVES DISTRICT 09,Dan McCready,DEM,1.0,104.0,107.0,11.0,0.0,222.0,Y
"
UNION",11/06/2018,015,1183.0,S,US HOUSE OF REPRESENTATIVES DISTRICT 09,Dan McCready,DEM,1.0,441.0,724.0,50.0,4.0,1219.0,Y
"
UNION",11/06/2018,ABSENTEE,1183.0,S,US HOUSE OF REPRESENTATIVES DISTRICT 09,Dan McCready,DEM,1.0,0.0,0.0,0.0,0.0,0.0,N
"
UNION",11/06/2018,040,1183.0,S,US HOUSE OF REPRESENTATIVES DISTRICT 09,Dan McCready,DEM,1.0,345.0,558.0,57.0,3.0,963.0,Y
"
UNION",11/06/2018,038A,1183.0,S,US HOUSE OF REPRESENTATIVES DISTRICT 09,Dan McCready,DEM,1.0,383.0,488.0,25.0,12.0,908.0,Y
"
UNION",11/06/2018,036,1183.0,S,US HOUSE OF REPRESENTATIVES DISTRICT 09,Dan McCready,DEM,1.0,142.0,164.0,7.0,5.0,318.0,Y
"
UNION",11/06/2018,007,1183.0,S,US HOUSE OF REPRESENTATIVES DISTRICT 09,Dan McCready,DEM,1.0,258.0,472.0,27.0,5.0,762.0,Y
"
UNION",11/06/2018,035,1183.0,S,US HOUSE OF REPRESENTATIVES DISTRICT 09,Dan McCready,DEM,1.0,159.0,263.0,23.0,0.0,445.0,Y
"
UNION",11/06/2018,028D,1183.0,S,US HOUSE OF REPRESENTATIVES DISTRICT 09,Dan McCready,DEM,1.0,482.0,686.0,78.0,1.0,1247.0,Y
"
UNION",11/06/2018,028C,1183.0,S,US HOUSE OF REPRESENTATIVES DISTRICT 09,Dan McCready,DEM,1.0,304.0,599.0,83.0,5.0,991.0,Y
"
UNION",11/06/2018,018,1183.0,S,US HOUSE OF REPRESENTATIVES DISTRICT 09,Dan McCready,DEM,1.0,245.0,348.0,43.0,1.0,637.0,Y
"
UNION",11/06/2018,005,1183.0,S,US HOUSE OF REPRESENTATIVES DISTRICT 09,Dan McCready,DEM,1.0,236.0,420.0,26.0,2.0,684.0,Y
"
UNION",11/06/2018,004,1183.0,S,US HOUSE OF REPRESENTATIVES DISTRICT 09,Dan McCready,DEM,1.0,229.0,242.0,3.0,5.0,479.0,Y
"
UNION",11/06/2018,041,1183.0,S,US HOUSE OF REPRESENTATIVES DISTRICT 09,Dan McCready,DEM,1.0,326.0,557.0,65.0,2.0,950.0,Y
"
UNION",11/06/2018,006,1183.0,S,US HOUSE OF REPRESENTATIVES DISTRICT 09,Dan McCready,DEM,1.0,89.0,148.0,20.0,2.0,259.0,Y
"
UNION",11/06/2018,001,1183.0,S,US HOUSE OF REPRESENTATIVES DISTRICT 09,Dan McCready,DEM,1.0,143.0,140.0,10.0,3.0,296.0,Y
"
UNION",11/06/2018,017B,1183.0,S,US HOUSE OF REPRESENTATIVES DISTRICT 09,Dan McCready,DEM,1.0,364.0,647.0,78.0,6.0,1095.0,Y
"
UNION",11/06/2018,039,1183.0,S,US HOUSE OF REPRESENTATIVES DISTRICT 09,Dan McCready,DEM,1.0,128.0,196.0,12.0,3.0,339.0,Y
"
UNION",11/06/2018,028A,1183.0,S,US HOUSE OF REPRESENTATIVES DISTRICT 09,Dan McCready,DEM,1.0,394.0,940.0,74.0,9.0,1417.0,Y
"
UNION",11/06/2018,034,1183.0,S,US HOUSE OF REPRESENTATIVES DISTRICT 09,Dan McCready,DEM,1.0,207.0,339.0,16.0,5.0,567.0,Y
"
UNION",11/06/2018,033,1183.0,S,US HOUSE OF REPRESENTATIVES DISTRICT 09,Dan McCready,DEM,1.0,208.0,268.0,20.0,3.0,499.0,Y
"
UNION",11/06/2018,028B,1183.0,S,US HOUSE OF REPRESENTATIVES DISTRICT 09,Dan McCready,DEM,1.0,400.0,611.0,81.0,4.0,1096.0,Y
"
UNION",11/06/2018,029C,1183.0,S,US HOUSE OF REPRESENTATIVES DISTRICT 09,Dan McCready,DEM,1.0,159.0,343.0,8.0,2.0,512.0,Y
"
UNION",11/06/2018,022,1183.0,S,US HOUSE OF REPRESENTATIVES DISTRICT 09,Dan McCready,DEM,1.0,148.0,182.0,15.0,0.0,345.0,Y
"
UNION",11/06/2018,PROVISIONAL,1183.0,S,US HOUSE OF REPRESENTATIVES DISTRICT 09,Dan McCready,DEM,1.0,0.0,0.0,0.0,0.0,0.0,N
"
UNION",11/06/2018,042,1183.0,S,US HOUSE OF REPRESENTATIVES DISTRICT 09,Dan McCready,DEM,1.0,201.0,202.0,9.0,4.0,416.0,Y
"
UNION",11/06/2018,025,1183.0,S,US HOUSE OF REPRESENTATIVES DISTRICT 09,Dan McCready,DEM,1.0,117.0,178.0,10.0,0.0,305.0,Y
"
UNION",11/06/2018,009,1183.0,S,US HOUSE OF REPRESENTATIVES DISTRICT 09,Dan McCready,DEM,1.0,256.0,175.0,6.0,9.0,446.0,Y
"
UNION",11/06/2018,008,1183.0,S,US HOUSE OF REPRESENTATIVES DISTRICT 09,Dan McCready,DEM,1.0,344.0,467.0,11.0,8.0,830.0,Y
"
UNION",11/06/2018,009,1183.0,S,US HOUSE OF REPRESENTATIVES DISTRICT 09,Jeff Scott,LIB,1.0,15.0,1.0,0.0,0.0,16.0,Y
"
UNION",11/06/2018,020B,1183.0,S,US HOUSE OF REPRESENTATIVES DISTRICT 09,Jeff Scott,LIB,1.0,39.0,26.0,1.0,1.0,67.0,Y
"
UNION",11/06/2018,PROVISIONAL,1183.0,S,US HOUSE OF REPRESENTATIVES DISTRICT 09,Jeff Scott,LIB,1.0,0.0,0.0,0.0,0.0,0.0,N
"
UNION",11/06/2018,037B,1183.0,S,US HOUSE OF REPRESENTATIVES DISTRICT 09,Jeff Scott,LIB,1.0,8.0,4.0,0.0,0.0,12.0,Y
"
UNION",11/06/2018,032,1183.0,S,US HOUSE OF REPRESENTATIVES DISTRICT 09,Jeff Scott,LIB,1.0,11.0,20.0,0.0,0.0,31.0,Y
"
UNION",11/06/2018,021,1183.0,S,US HOUSE OF REPRESENTATIVES DISTRICT 09,Jeff Scott,LIB,1.0,22.0,10.0,1.0,0.0,33.0,Y
"
UNION",11/06/2018,017A,1183.0,S,US HOUSE OF REPRESENTATIVES DISTRICT 09,Jeff Scott,LIB,1.0,26.0,17.0,1.0,0.0,44.0,Y
"
UNION",11/06/2018,014,1183.0,S,US HOUSE OF REPRESENTATIVES DISTRICT 09,Jeff Scott,LIB,1.0,6.0,11.0,0.0,0.0,17.0,Y
"
UNION",11/06/2018,011,1183.0,S,US HOUSE OF REPRESENTATIVES DISTRICT 09,Jeff Scott,LIB,1.0,14.0,3.0,0.0,0.0,17.0,Y
"
UNION",11/06/2018,020A,1183.0,S,US HOUSE OF REPRESENTATIVES DISTRICT 09,Jeff Scott,LIB,1.0,34.0,18.0,10.0,0.0,62.0,Y
"
UNION",11/06/2018,CURBSIDE,1183.0,S,US HOUSE OF REPRESENTATIVES DISTRICT 09,Jeff Scott,LIB,1.0,0.0,0.0,0.0,0.0,0.0,N
"
UNION",11/06/2018,019,1183.0,S,US HOUSE OF REPRESENTATIVES DISTRICT 09,Jeff Scott,LIB,1.0,24.0,36.0,3.0,0.0,63.0,Y
"
UNION",11/06/2018,003,1183.0,S,US HOUSE OF REPRESENTATIVES DISTRICT 09,Jeff Scott,LIB,1.0,5.0,4.0,0.0,0.0,9.0,Y
"
UNION",11/06/2018,002,1183.0,S,US HOUSE OF REPRESENTATIVES DISTRICT 09,Jeff Scott,LIB,1.0,4.0,9.0,0.0,1.0,14.0,Y
"
UNION",11/06/2018,TRANSFER,1183.0,S,US HOUSE OF REPRESENTATIVES DISTRICT 09,Jeff Scott,LIB,1.0,0.0,0.0,0.0,0.0,0.0,N
"
UNION",11/06/2018,028C,1183.0,S,US HOUSE OF REPRESENTATIVES DISTRICT 09,Jeff Scott,LIB,1.0,9.0,18.0,1.0,1.0,29.0,Y
"
UNION",11/06/2018,030,1183.0,S,US HOUSE OF REPRESENTATIVES DISTRICT 09,Jeff Scott,LIB,1.0,20.0,23.0,1.0,0.0,44.0,Y
"
UNION",11/06/2018,028D,1183.0,S,US HOUSE OF REPRESENTATIVES DISTRICT 09,Jeff Scott,LIB,1.0,34.0,24.0,0.0,0.0,58.0,Y
"
UNION",11/06/2018,008,1183.0,S,US HOUSE OF REPRESENTATIVES DISTRICT 09,Jeff Scott,LIB,1.0,11.0,8.0,1.0,0.0,20.0,Y
"
UNION",11/06/2018,036,1183.0,S,US HOUSE OF REPRESENTATIVES DISTRICT 09,Jeff Scott,LIB,1.0,9.0,3.0,0.0,1.0,13.0,Y
"
UNION",11/06/2018,038A,1183.0,S,US HOUSE OF REPRESENTATIVES DISTRICT 09,Jeff Scott,LIB,1.0,26.0,17.0,1.0,1.0,45.0,Y
"
UNION",11/06/2018,035,1183.0,S,US HOUSE OF REPRESENTATIVES DISTRICT 09,Jeff Scott,LIB,1.0,11.0,6.0,0.0,0.0,17.0,Y
"
UNION",11/06/2018,001,1183.0,S,US HOUSE OF REPRESENTATIVES DISTRICT 09,Jeff Scott,LIB,1.0,5.0,5.0,0.0,1.0,11.0,Y
"
UNION",11/06/2018,006,1183.0,S,US HOUSE OF REPRESENTATIVES DISTRICT 09,Jeff Scott,LIB,1.0,8.0,3.0,1.0,1.0,13.0,Y
"
UNION",11/06/2018,024,1183.0,S,US HOUSE OF REPRESENTATIVES DISTRICT 09,Jeff Scott,LIB,1.0,9.0,9.0,0.0,0.0,18.0,Y
"
UNION",11/06/2018,027,1183.0,S,US HOUSE OF REPRESENTATIVES DISTRICT 09,Jeff Scott,LIB,1.0,0.0,10.0,0.0,1.0,11.0,Y
"
UNION",11/06/2018,015,1183.0,S,US HOUSE OF REPRESENTATIVES DISTRICT 09,Jeff Scott,LIB,1.0,31.0,21.0,1.0,1.0,54.0,Y
"
UNION",11/06/2018,012,1183.0,S,US HOUSE OF REPRESENTATIVES DISTRICT 09,Jeff Scott,LIB,1.0,15.0,4.0,0.0,0.0,19.0,Y
"
UNION",11/06/2018,ABSENTEE,1183.0,S,US HOUSE OF REPRESENTATIVES DISTRICT 09,Jeff Scott,LIB,1.0,0.0,0.0,0.0,0.0,0.0,N
"
UNION",11/06/2018,040,1183.0,S,US HOUSE OF REPRESENTATIVES DISTRICT 09,Jeff Scott,LIB,1.0,12.0,20.0,1.0,0.0,33.0,Y
"
UNION",11/06/2018,029B,1183.0,S,US HOUSE OF REPRESENTATIVES DISTRICT 09,Jeff Scott,LIB,1.0,22.0,7.0,1.0,0.0,30.0,Y
"
UNION",11/06/2018,029A,1183.0,S,US HOUSE OF REPRESENTATIVES DISTRICT 09,Jeff Scott,LIB,1.0,29.0,20.0,1.0,0.0,50.0,Y
"
UNION",11/06/2018,007,1183.0,S,US HOUSE OF REPRESENTATIVES DISTRICT 09,Jeff Scott,LIB,1.0,22.0,15.0,1.0,1.0,39.0,Y
"
UNION",11/06/2018,039,1183.0,S,US HOUSE OF REPRESENTATIVES DISTRICT 09,Jeff Scott,LIB,1.0,18.0,6.0,3.0,0.0,27.0,Y
"
UNION",11/06/2018,041,1183.0,S,US HOUSE OF REPRESENTATIVES DISTRICT 09,Jeff Scott,LIB,1.0,19.0,5.0,1.0,0.0,25.0,Y
"
UNION",11/06/2018,022,1183.0,S,US HOUSE OF REPRESENTATIVES DISTRICT 09,Jeff Scott,LIB,1.0,21.0,11.0,1.0,1.0,34.0,Y
"
UNION",11/06/2018,025,1183.0,S,US HOUSE OF REPRESENTATIVES DISTRICT 09,Jeff Scott,LIB,1.0,6.0,5.0,0.0,0.0,11.0,Y
"
UNION",11/06/2018,018,1183.0,S,US HOUSE OF REPRESENTATIVES DISTRICT 09,Jeff Scott,LIB,1.0,19.0,11.0,1.0,0.0,31.0,Y
"
UNION",11/06/2018,004,1183.0,S,US HOUSE OF REPRESENTATIVES DISTRICT 09,Jeff Scott,LIB,1.0,1.0,8.0,1.0,1.0,11.0,Y
"
UNION",11/06/2018,042,1183.0,S,US HOUSE OF REPRESENTATIVES DISTRICT 09,Jeff Scott,LIB,1.0,16.0,8.0,0.0,1.0,25.0,Y
"
UNION",11/06/2018,005,1183.0,S,US HOUSE OF REPRESENTATIVES DISTRICT 09,Jeff Scott,LIB,1.0,19.0,13.0,0.0,0.0,32.0,Y
"
UNION",11/06/2018,031,1183.0,S,US HOUSE OF REPRESENTATIVES DISTRICT 09,Jeff Scott,LIB,1.0,27.0,18.0,0.0,0.0,45.0,Y
"
UNION",11/06/2018,028A,1183.0,S,US HOUSE OF REPRESENTATIVES DISTRICT 09,Jeff Scott,LIB,1.0,29.0,21.0,1.0,0.0,51.0,Y
"
UNION",11/06/2018,033,1183.0,S,US HOUSE OF REPRESENTATIVES DISTRICT 09,Jeff Scott,LIB,1.0,11.0,18.0,1.0,0.0,30.0,Y
"
UNION",11/06/2018,028B,1183.0,S,US HOUSE OF REPRESENTATIVES DISTRICT 09,Jeff Scott,LIB,1.0,25.0,15.0,2.0,0.0,42.0,Y
"
UNION",11/06/2018,034,1183.0,S,US HOUSE OF REPRESENTATIVES DISTRICT 09,Jeff Scott,LIB,1.0,17.0,18.0,0.0,1.0,36.0,Y
"
UNION",11/06/2018,038B,1183.0,S,US HOUSE OF REPRESENTATIVES DISTRICT 09,Jeff Scott,LIB,1.0,29.0,10.0,0.0,0.0,39.0,Y
"
UNION",11/06/2018,043,1183.0,S,US HOUSE OF REPRESENTATIVES DISTRICT 09,Jeff Scott,LIB,1.0,5.0,1.0,0.0,0.0,6.0,Y
"
UNION",11/06/2018,013,1183.0,S,US HOUSE OF REPRESENTATIVES DISTRICT 09,Jeff Scott,LIB,1.0,12.0,10.0,0.0,0.0,22.0,Y
"
UNION",11/06/2018,026,1183.0,S,US HOUSE OF REPRESENTATIVES DISTRICT 09,Jeff Scott,LIB,1.0,7.0,7.0,2.0,1.0,17.0,Y
"
UNION",11/06/2018,016,1183.0,S,US HOUSE OF REPRESENTATIVES DISTRICT 09,Jeff Scott,LIB,1.0,30.0,24.0,3.0,0.0,57.0,Y
"
UNION",11/06/2018,037A,1183.0,S,US HOUSE OF REPRESENTATIVES DISTRICT 09,Jeff Scott,LIB,1.0,46.0,22.0,1.0,1.0,70.0,Y
"
UNION",11/06/2018,029C,1183.0,S,US HOUSE OF REPRESENTATIVES DISTRICT 09,Jeff Scott,LIB,1.0,11.0,11.0,1.0,1.0,24.0,Y
"
UNION",11/06/2018,023,1183.0,S,US HOUSE OF REPRESENTATIVES DISTRICT 09,Jeff Scott,LIB,1.0,11.0,10.0,0.0,0.0,21.0,Y
"
UNION",11/06/2018,017B,1183.0,S,US HOUSE OF REPRESENTATIVES DISTRICT 09,Jeff Scott,LIB,1.0,18.0,11.0,2.0,0.0,31.0,Y
"
UNION",11/06/2018,010,1183.0,S,US HOUSE OF REPRESENTATIVES DISTRICT 09,Jeff Scott,LIB,1.0,10.0,3.0,0.0,0.0,13.0,Y
"
UNION",11/06/2018,012,1183.0,S,US HOUSE OF REPRESENTATIVES DISTRICT 09,Mark Harris,REP,1.0,645.0,623.0,10.0,8.0,1286.0,Y
"
UNION",11/06/2018,020B,1183.0,S,US HOUSE OF REPRESENTATIVES DISTRICT 09,Mark Harris,REP,1.0,589.0,946.0,38.0,11.0,1584.0,Y
"
UNION",11/06/2018,020A,1183.0,S,US HOUSE OF REPRESENTATIVES DISTRICT 09,Mark Harris,REP,1.0,585.0,619.0,31.0,10.0,1245.0,Y
"
UNION",11/06/2018,029B,1183.0,S,US HOUSE OF REPRESENTATIVES DISTRICT 09,Mark Harris,REP,1.0,284.0,308.0,5.0,3.0,600.0,Y
"
UNION",11/06/2018,027,1183.0,S,US HOUSE OF REPRESENTATIVES DISTRICT 09,Mark Harris,REP,1.0,341.0,449.0,4.0,2.0,796.0,Y
"
UNION",11/06/2018,015,1183.0,S,US HOUSE OF REPRESENTATIVES DISTRICT 09,Mark Harris,REP,1.0,518.0,803.0,27.0,10.0,1358.0,Y
"
UNION",11/06/2018,024,1183.0,S,US HOUSE OF REPRESENTATIVES DISTRICT 09,Mark Harris,REP,1.0,452.0,508.0,17.0,3.0,980.0,Y
"
UNION",11/06/2018,040,1183.0,S,US HOUSE OF REPRESENTATIVES DISTRICT 09,Mark Harris,REP,1.0,563.0,793.0,36.0,3.0,1395.0,Y
"
UNION",11/06/2018,TRANSFER,1183.0,S,US HOUSE OF REPRESENTATIVES DISTRICT 09,Mark Harris,REP,1.0,0.0,0.0,0.0,0.0,0.0,N
"
UNION",11/06/2018,ABSENTEE,1183.0,S,US HOUSE OF REPRESENTATIVES DISTRICT 09,Mark Harris,REP,1.0,0.0,0.0,0.0,0.0,0.0,N
"
UNION",11/06/2018,035,1183.0,S,US HOUSE OF REPRESENTATIVES DISTRICT 09,Mark Harris,REP,1.0,258.0,495.0,16.0,3.0,772.0,Y
"
UNION",11/06/2018,006,1183.0,S,US HOUSE OF REPRESENTATIVES DISTRICT 09,Mark Harris,REP,1.0,337.0,405.0,19.0,8.0,769.0,Y
"
UNION",11/06/2018,001,1183.0,S,US HOUSE OF REPRESENTATIVES DISTRICT 09,Mark Harris,REP,1.0,40.0,58.0,4.0,0.0,102.0,Y
"
UNION",11/06/2018,036,1183.0,S,US HOUSE OF REPRESENTATIVES DISTRICT 09,Mark Harris,REP,1.0,373.0,371.0,13.0,6.0,763.0,Y
"
UNION",11/06/2018,002,1183.0,S,US HOUSE OF REPRESENTATIVES DISTRICT 09,Mark Harris,REP,1.0,77.0,192.0,3.0,0.0,272.0,Y
"
UNION",11/06/2018,028D,1183.0,S,US HOUSE OF REPRESENTATIVES DISTRICT 09,Mark Harris,REP,1.0,630.0,779.0,36.0,7.0,1452.0,Y
"
UNION",11/06/2018,032,1183.0,S,US HOUSE OF REPRESENTATIVES DISTRICT 09,Mark Harris,REP,1.0,514.0,839.0,26.0,6.0,1385.0,Y
"
UNION",11/06/2018,037A,1183.0,S,US HOUSE OF REPRESENTATIVES DISTRICT 09,Mark Harris,REP,1.0,608.0,900.0,23.0,4.0,1535.0,Y
"
UNION",11/06/2018,030,1183.0,S,US HOUSE OF REPRESENTATIVES DISTRICT 09,Mark Harris,REP,1.0,524.0,908.0,29.0,8.0,1469.0,Y
"
UNION",11/06/2018,011,1183.0,S,US HOUSE OF REPRESENTATIVES DISTRICT 09,Mark Harris,REP,1.0,732.0,563.0,14.0,6.0,1315.0,Y
"
UNION",11/06/2018,014,1183.0,S,US HOUSE OF REPRESENTATIVES DISTRICT 09,Mark Harris,REP,1.0,161.0,250.0,5.0,3.0,419.0,Y
"
UNION",11/06/2018,028C,1183.0,S,US HOUSE OF REPRESENTATIVES DISTRICT 09,Mark Harris,REP,1.0,399.0,760.0,43.0,0.0,1202.0,Y
"
UNION",11/06/2018,PROVISIONAL,1183.0,S,US HOUSE OF REPRESENTATIVES DISTRICT 09,Mark Harris,REP,1.0,0.0,0.0,0.0,0.0,0.0,N
"
UNION",11/06/2018,008,1183.0,S,US HOUSE OF REPRESENTATIVES DISTRICT 09,Mark Harris,REP,1.0,173.0,273.0,5.0,1.0,452.0,Y
"
UNION",11/06/2018,009,1183.0,S,US HOUSE OF REPRESENTATIVES DISTRICT 09,Mark Harris,REP,1.0,136.0,88.0,2.0,3.0,229.0,Y
"
UNION",11/06/2018,029C,1183.0,S,US HOUSE OF REPRESENTATIVES DISTRICT 09,Mark Harris,REP,1.0,280.0,533.0,10.0,6.0,829.0,Y
"
UNION",11/06/2018,021,1183.0,S,US HOUSE OF REPRESENTATIVES DISTRICT 09,Mark Harris,REP,1.0,514.0,516.0,11.0,6.0,1047.0,Y
"
UNION",11/06/2018,CURBSIDE,1183.0,S,US HOUSE OF REPRESENTATIVES DISTRICT 09,Mark Harris,REP,1.0,0.0,0.0,0.0,0.0,0.0,N
"
UNION",11/06/2018,023,1183.0,S,US HOUSE OF REPRESENTATIVES DISTRICT 09,Mark Harris,REP,1.0,364.0,454.0,13.0,4.0,835.0,Y
"
UNION",11/06/2018,026,1183.0,S,US HOUSE OF REPRESENTATIVES DISTRICT 09,Mark Harris,REP,1.0,406.0,365.0,5.0,2.0,778.0,Y
"
UNION",11/06/2018,038B,1183.0,S,US HOUSE OF REPRESENTATIVES DISTRICT 09,Mark Harris,REP,1.0,409.0,393.0,14.0,3.0,819.0,Y
"
UNION",11/06/2018,043,1183.0,S,US HOUSE OF REPRESENTATIVES DISTRICT 09,Mark Harris,REP,1.0,26.0,43.0,0.0,0.0,69.0,Y
"
UNION",11/06/2018,031,1183.0,S,US HOUSE OF REPRESENTATIVES DISTRICT 09,Mark Harris,REP,1.0,531.0,517.0,12.0,3.0,1063.0,Y
"
UNION",11/06/2018,013,1183.0,S,US HOUSE OF REPRESENTATIVES DISTRICT 09,Mark Harris,REP,1.0,696.0,687.0,13.0,7.0,1403.0,Y
"
UNION",11/06/2018,010,1183.0,S,US HOUSE OF REPRESENTATIVES DISTRICT 09,Mark Harris,REP,1.0,60.0,121.0,0.0,0.0,181.0,Y
"
UNION",11/06/2018,017A,1183.0,S,US HOUSE OF REPRESENTATIVES DISTRICT 09,Mark Harris,REP,1.0,385.0,712.0,20.0,5.0,1122.0,Y
"
UNION",11/06/2018,016,1183.0,S,US HOUSE OF REPRESENTATIVES DISTRICT 09,Mark Harris,REP,1.0,619.0,983.0,25.0,8.0,1635.0,Y
"
UNION",11/06/2018,003,1183.0,S,US HOUSE OF REPRESENTATIVES DISTRICT 09,Mark Harris,REP,1.0,81.0,157.0,10.0,2.0,250.0,Y
"
UNION",11/06/2018,019,1183.0,S,US HOUSE OF REPRESENTATIVES DISTRICT 09,Mark Harris,REP,1.0,695.0,1219.0,26.0,10.0,1950.0,Y
"
UNION",11/06/2018,033,1183.0,S,US HOUSE OF REPRESENTATIVES DISTRICT 09,Mark Harris,REP,1.0,348.0,499.0,19.0,4.0,870.0,Y
"
UNION",11/06/2018,037B,1183.0,S,US HOUSE OF REPRESENTATIVES DISTRICT 09,Mark Harris,REP,1.0,302.0,353.0,6.0,0.0,661.0,Y
"
UNION",11/06/2018,034,1183.0,S,US HOUSE OF REPRESENTATIVES DISTRICT 09,Mark Harris,REP,1.0,533.0,845.0,26.0,1.0,1405.0,Y
"
UNION",11/06/2018,039,1183.0,S,US HOUSE OF REPRESENTATIVES DISTRICT 09,Mark Harris,REP,1.0,436.0,570.0,12.0,2.0,1020.0,Y
"
UNION",11/06/2018,028A,1183.0,S,US HOUSE OF REPRESENTATIVES DISTRICT 09,Mark Harris,REP,1.0,556.0,1092.0,40.0,3.0,1691.0,Y
"
UNION",11/06/2018,028B,1183.0,S,US HOUSE OF REPRESENTATIVES DISTRICT 09,Mark Harris,REP,1.0,505.0,754.0,43.0,2.0,1304.0,Y
"
UNION",11/06/2018,017B,1183.0,S,US HOUSE OF REPRESENTATIVES DISTRICT 09,Mark Harris,REP,1.0,584.0,1029.0,25.0,2.0,1640.0,Y
"
UNION",11/06/2018,018,1183.0,S,US HOUSE OF REPRESENTATIVES DISTRICT 09,Mark Harris,REP,1.0,512.0,609.0,30.0,8.0,1159.0,Y
"
UNION",11/06/2018,004,1183.0,S,US HOUSE OF REPRESENTATIVES DISTRICT 09,Mark Harris,REP,1.0,29.0,60.0,8.0,0.0,97.0,Y
"
UNION",11/06/2018,005,1183.0,S,US HOUSE OF REPRESENTATIVES DISTRICT 09,Mark Harris,REP,1.0,386.0,506.0,12.0,1.0,905.0,Y
"
UNION",11/06/2018,007,1183.0,S,US HOUSE OF REPRESENTATIVES DISTRICT 09,Mark Harris,REP,1.0,466.0,644.0,11.0,2.0,1123.0,Y
"
UNION",11/06/2018,022,1183.0,S,US HOUSE OF REPRESENTATIVES DISTRICT 09,Mark Harris,REP,1.0,592.0,636.0,43.0,6.0,1277.0,Y
"
UNION",11/06/2018,025,1183.0,S,US HOUSE OF REPRESENTATIVES DISTRICT 09,Mark Harris,REP,1.0,329.0,456.0,12.0,2.0,799.0,Y
"
UNION",11/06/2018,038A,1183.0,S,US HOUSE OF REPRESENTATIVES DISTRICT 09,Mark Harris,REP,1.0,457.0,526.0,12.0,10.0,1005.0,Y
"
UNION",11/06/2018,042,1183.0,S,US HOUSE OF REPRESENTATIVES DISTRICT 09,Mark Harris,REP,1.0,335.0,314.0,13.0,3.0,665.0,Y
"
UNION",11/06/2018,041,1183.0,S,US HOUSE OF REPRESENTATIVES DISTRICT 09,Mark Harris,REP,1.0,602.0,867.0,50.0,8.0,1527.0,Y
"
UNION",11/06/2018,029A,1183.0,S,US HOUSE OF REPRESENTATIVES DISTRICT 09,Mark Harris,REP,1.0,441.0,675.0,17.0,3.0,1136.0,Y
"
RICHMOND",11/06/2018,15,1183.0,S,US HOUSE OF REPRESENTATIVES DISTRICT 09,Dan McCready,DEM,1.0,14.0,0.0,0.0,0.0,14.0,Y
"
RICHMOND",11/06/2018,ONE STOP,1183.0,S,US HOUSE OF REPRESENTATIVES DISTRICT 09,Dan McCready,DEM,1.0,0.0,3355.0,0.0,0.0,3355.0,N
"
RICHMOND",11/06/2018,12,1183.0,S,US HOUSE OF REPRESENTATIVES DISTRICT 09,Dan McCready,DEM,1.0,277.0,0.0,0.0,0.0,277.0,Y
"
RICHMOND",11/06/2018,06,1183.0,S,US HOUSE OF REPRESENTATIVES DISTRICT 09,Dan McCready,DEM,1.0,100.0,0.0,0.0,0.0,100.0,Y
"
RICHMOND",11/06/2018,03,1183.0,S,US HOUSE OF REPRESENTATIVES DISTRICT 09,Dan McCready,DEM,1.0,77.0,0.0,0.0,0.0,77.0,Y
"
RICHMOND",11/06/2018,PROVISIONAL,1183.0,S,US HOUSE OF REPRESENTATIVES DISTRICT 09,Dan McCready,DEM,1.0,0.0,0.0,0.0,100.0,100.0,N
"
RICHMOND",11/06/2018,10,1183.0,S,US HOUSE OF REPRESENTATIVES DISTRICT 09,Dan McCready,DEM,1.0,221.0,0.0,0.0,0.0,221.0,Y
"
RICHMOND",11/06/2018,09,1183.0,S,US HOUSE OF REPRESENTATIVES DISTRICT 09,Dan McCready,DEM,1.0,571.0,0.0,0.0,0.0,571.0,Y
"
RICHMOND",11/06/2018,13,1183.0,S,US HOUSE OF REPRESENTATIVES DISTRICT 09,Dan McCready,DEM,1.0,149.0,0.0,0.0,0.0,149.0,Y
"
RICHMOND",11/06/2018,11,1183.0,S,US HOUSE OF REPRESENTATIVES DISTRICT 09,Dan McCready,DEM,1.0,151.0,0.0,0.0,0.0,151.0,Y
"
RICHMOND",11/06/2018,14,1183.0,S,US HOUSE OF REPRESENTATIVES DISTRICT 09,Dan McCready,DEM,1.0,49.0,0.0,0.0,0.0,49.0,Y
"
RICHMOND",11/06/2018,02,1183.0,S,US HOUSE OF REPRESENTATIVES DISTRICT 09,Dan McCready,DEM,1.0,414.0,0.0,0.0,0.0,414.0,Y
"
RICHMOND",11/06/2018,08,1183.0,S,US HOUSE OF REPRESENTATIVES DISTRICT 09,Dan McCready,DEM,1.0,482.0,0.0,0.0,0.0,482.0,Y
"
RICHMOND",11/06/2018,05,1183.0,S,US HOUSE OF REPRESENTATIVES DISTRICT 09,Dan McCready,DEM,1.0,58.0,0.0,0.0,0.0,58.0,Y
"
RICHMOND",11/06/2018,07,1183.0,S,US HOUSE OF REPRESENTATIVES DISTRICT 09,Dan McCready,DEM,1.0,143.0,0.0,0.0,0.0,143.0,Y
"
RICHMOND",11/06/2018,04,1183.0,S,US HOUSE OF REPRESENTATIVES DISTRICT 09,Dan McCready,DEM,1.0,193.0,0.0,0.0,0.0,193.0,Y
"
RICHMOND",11/06/2018,16,1183.0,S,US HOUSE OF REPRESENTATIVES DISTRICT 09,Dan McCready,DEM,1.0,23.0,0.0,0.0,0.0,23.0,Y
"
RICHMOND",11/06/2018,ABSENTEE MAIL,1183.0,S,US HOUSE OF REPRESENTATIVES DISTRICT 09,Dan McCready,DEM,1.0,0.0,0.0,180.0,0.0,180.0,N
"
RICHMOND",11/06/2018,01,1183.0,S,US HOUSE OF REPRESENTATIVES DISTRICT 09,Dan McCready,DEM,1.0,581.0,0.0,0.0,0.0,581.0,Y
"
RICHMOND",11/06/2018,PROVISIONAL,1183.0,S,US HOUSE OF REPRESENTATIVES DISTRICT 09,Jeff Scott,LIB,1.0,0.0,0.0,0.0,9.0,9.0,N
"
RICHMOND",11/06/2018,05,1183.0,S,US HOUSE OF REPRESENTATIVES DISTRICT 09,Jeff Scott,LIB,1.0,5.0,0.0,0.0,0.0,5.0,Y
"
RICHMOND",11/06/2018,08,1183.0,S,US HOUSE OF REPRESENTATIVES DISTRICT 09,Jeff Scott,LIB,1.0,16.0,0.0,0.0,0.0,16.0,Y
"
RICHMOND",11/06/2018,16,1183.0,S,US HOUSE OF REPRESENTATIVES DISTRICT 09,Jeff Scott,LIB,1.0,4.0,0.0,0.0,0.0,4.0,Y
"
RICHMOND",11/06/2018,02,1183.0,S,US HOUSE OF REPRESENTATIVES DISTRICT 09,Jeff Scott,LIB,1.0,29.0,0.0,0.0,0.0,29.0,Y
"
RICHMOND",11/06/2018,11,1183.0,S,US HOUSE OF REPRESENTATIVES DISTRICT 09,Jeff Scott,LIB,1.0,3.0,0.0,0.0,0.0,3.0,Y
"
RICHMOND",11/06/2018,14,1183.0,S,US HOUSE OF REPRESENTATIVES DISTRICT 09,Jeff Scott,LIB,1.0,2.0,0.0,0.0,0.0,2.0,Y
"
RICHMOND",11/06/2018,ABSENTEE MAIL,1183.0,S,US HOUSE OF REPRESENTATIVES DISTRICT 09,Jeff Scott,LIB,1.0,0.0,0.0,8.0,0.0,8.0,N
"
RICHMOND",11/06/2018,10,1183.0,S,US HOUSE OF REPRESENTATIVES DISTRICT 09,Jeff Scott,LIB,1.0,9.0,0.0,0.0,0.0,9.0,Y
"
RICHMOND",11/06/2018,09,1183.0,S,US HOUSE OF REPRESENTATIVES DISTRICT 09,Jeff Scott,LIB,1.0,38.0,0.0,0.0,0.0,38.0,Y
"
RICHMOND",11/06/2018,06,1183.0,S,US HOUSE OF REPRESENTATIVES DISTRICT 09,Jeff Scott,LIB,1.0,10.0,0.0,0.0,0.0,10.0,Y
"
RICHMOND",11/06/2018,03,1183.0,S,US HOUSE OF REPRESENTATIVES DISTRICT 09,Jeff Scott,LIB,1.0,5.0,0.0,0.0,0.0,5.0,Y
"
RICHMOND",11/06/2018,13,1183.0,S,US HOUSE OF REPRESENTATIVES DISTRICT 09,Jeff Scott,LIB,1.0,4.0,0.0,0.0,0.0,4.0,Y
"
RICHMOND",11/06/2018,01,1183.0,S,US HOUSE OF REPRESENTATIVES DISTRICT 09,Jeff Scott,LIB,1.0,21.0,0.0,0.0,0.0,21.0,Y
"
RICHMOND",11/06/2018,ONE STOP,1183.0,S,US HOUSE OF REPRESENTATIVES DISTRICT 09,Jeff Scott,LIB,1.0,0.0,101.0,0.0,0.0,101.0,N
"
RICHMOND",11/06/2018,07,1183.0,S,US HOUSE OF REPRESENTATIVES DISTRICT 09,Jeff Scott,LIB,1.0,2.0,0.0,0.0,0.0,2.0,Y
"
RICHMOND",11/06/2018,04,1183.0,S,US HOUSE OF REPRESENTATIVES DISTRICT 09,Jeff Scott,LIB,1.0,16.0,0.0,0.0,0.0,16.0,Y
"
RICHMOND",11/06/2018,12,1183.0,S,US HOUSE OF REPRESENTATIVES DISTRICT 09,Jeff Scott,LIB,1.0,12.0,0.0,0.0,0.0,12.0,Y
"
RICHMOND",11/06/2018,15,1183.0,S,US HOUSE OF REPRESENTATIVES DISTRICT 09,Jeff Scott,LIB,1.0,4.0,0.0,0.0,0.0,4.0,Y
"
RICHMOND",11/06/2018,02,1183.0,S,US HOUSE OF REPRESENTATIVES DISTRICT 09,Mark Harris,REP,1.0,552.0,0.0,0.0,0.0,552.0,Y
"
RICHMOND",11/06/2018,05,1183.0,S,US HOUSE OF REPRESENTATIVES DISTRICT 09,Mark Harris,REP,1.0,65.0,0.0,0.0,0.0,65.0,Y
"
RICHMOND",11/06/2018,13,1183.0,S,US HOUSE OF REPRESENTATIVES DISTRICT 09,Mark Harris,REP,1.0,190.0,0.0,0.0,0.0,190.0,Y
"
RICHMOND",11/06/2018,11,1183.0,S,US HOUSE OF REPRESENTATIVES DISTRICT 09,Mark Harris,REP,1.0,156.0,0.0,0.0,0.0,156.0,Y
"
RICHMOND",11/06/2018,08,1183.0,S,US HOUSE OF REPRESENTATIVES DISTRICT 09,Mark Harris,REP,1.0,327.0,0.0,0.0,0.0,327.0,Y
"
RICHMOND",11/06/2018,ONE STOP,1183.0,S,US HOUSE OF REPRESENTATIVES DISTRICT 09,Mark Harris,REP,1.0,0.0,3160.0,0.0,0.0,3160.0,N
"
RICHMOND",11/06/2018,ABSENTEE MAIL,1183.0,S,US HOUSE OF REPRESENTATIVES DISTRICT 09,Mark Harris,REP,1.0,0.0,0.0,98.0,0.0,98.0,N
"
RICHMOND",11/06/2018,01,1183.0,S,US HOUSE OF REPRESENTATIVES DISTRICT 09,Mark Harris,REP,1.0,307.0,0.0,0.0,0.0,307.0,Y
"
RICHMOND",11/06/2018,14,1183.0,S,US HOUSE OF REPRESENTATIVES DISTRICT 09,Mark Harris,REP,1.0,20.0,0.0,0.0,0.0,20.0,Y
"
RICHMOND",11/06/2018,16,1183.0,S,US HOUSE OF REPRESENTATIVES DISTRICT 09,Mark Harris,REP,1.0,104.0,0.0,0.0,0.0,104.0,Y
"
RICHMOND",11/06/2018,12,1183.0,S,US HOUSE OF REPRESENTATIVES DISTRICT 09,Mark Harris,REP,1.0,304.0,0.0,0.0,0.0,304.0,Y
"
RICHMOND",11/06/2018,15,1183.0,S,US HOUSE OF REPRESENTATIVES DISTRICT 09,Mark Harris,REP,1.0,45.0,0.0,0.0,0.0,45.0,Y
"
RICHMOND",11/06/2018,PROVISIONAL,1183.0,S,US HOUSE OF REPRESENTATIVES DISTRICT 09,Mark Harris,REP,1.0,0.0,0.0,0.0,44.0,44.0,N
"
RICHMOND",11/06/2018,07,1183.0,S,US HOUSE OF REPRESENTATIVES DISTRICT 09,Mark Harris,REP,1.0,114.0,0.0,0.0,0.0,114.0,Y
"
RICHMOND",11/06/2018,04,1183.0,S,US HOUSE OF REPRESENTATIVES DISTRICT 09,Mark Harris,REP,1.0,143.0,0.0,0.0,0.0,143.0,Y
"
RICHMOND",11/06/2018,03,1183.0,S,US HOUSE OF REPRESENTATIVES DISTRICT 09,Mark Harris,REP,1.0,160.0,0.0,0.0,0.0,160.0,Y
"
RICHMOND",11/06/2018,09,1183.0,S,US HOUSE OF REPRESENTATIVES DISTRICT 09,Mark Harris,REP,1.0,706.0,0.0,0.0,0.0,706.0,Y
"
RICHMOND",11/06/2018,06,1183.0,S,US HOUSE OF REPRESENTATIVES DISTRICT 09,Mark Harris,REP,1.0,193.0,0.0,0.0,0.0,193.0,Y
"
RICHMOND",11/06/2018,10,1183.0,S,US HOUSE OF REPRESENTATIVES DISTRICT 09,Mark Harris,REP,1.0,98.0,0.0,0.0,0.0,98.0,Y
"
SCOTLAND",11/06/2018,10,1183.0,S,US HOUSE OF REPRESENTATIVES DISTRICT 09,Dan McCready,DEM,1.0,226.0,0.0,0.0,0.0,226.0,Y
"
SCOTLAND",11/06/2018,06,1183.0,S,US HOUSE OF REPRESENTATIVES DISTRICT 09,Dan McCready,DEM,1.0,71.0,0.0,0.0,0.0,71.0,Y
"
SCOTLAND",11/06/2018,09,1183.0,S,US HOUSE OF REPRESENTATIVES DISTRICT 09,Dan McCready,DEM,1.0,181.0,0.0,0.0,0.0,181.0,Y
"
SCOTLAND",11/06/2018,03,1183.0,S,US HOUSE OF REPRESENTATIVES DISTRICT 09,Dan McCready,DEM,1.0,317.0,0.0,0.0,0.0,317.0,Y
"
SCOTLAND",11/06/2018,ABSENTEE,1183.0,S,US HOUSE OF REPRESENTATIVES DISTRICT 09,Dan McCready,DEM,1.0,0.0,0.0,147.0,0.0,147.0,N
"
SCOTLAND",11/06/2018,08,1183.0,S,US HOUSE OF REPRESENTATIVES DISTRICT 09,Dan McCready,DEM,1.0,80.0,0.0,0.0,0.0,80.0,Y
"
SCOTLAND",11/06/2018,02,1183.0,S,US HOUSE OF REPRESENTATIVES DISTRICT 09,Dan McCready,DEM,1.0,209.0,0.0,0.0,0.0,209.0,Y
"
SCOTLAND",11/06/2018,05,1183.0,S,US HOUSE OF REPRESENTATIVES DISTRICT 09,Dan McCready,DEM,1.0,114.0,0.0,0.0,0.0,114.0,Y
"
SCOTLAND",11/06/2018,04,1183.0,S,US HOUSE OF REPRESENTATIVES DISTRICT 09,Dan McCready,DEM,1.0,292.0,0.0,0.0,0.0,292.0,Y
"
SCOTLAND",11/06/2018,07,1183.0,S,US HOUSE OF REPRESENTATIVES DISTRICT 09,Dan McCready,DEM,1.0,407.0,0.0,0.0,0.0,407.0,Y
"
SCOTLAND",11/06/2018,PROVISIOINAL,1183.0,S,US HOUSE OF REPRESENTATIVES DISTRICT 09,Dan McCready,DEM,1.0,0.0,0.0,0.0,44.0,44.0,N
"
SCOTLAND",11/06/2018,ONE STOP,1183.0,S,US HOUSE OF REPRESENTATIVES DISTRICT 09,Dan McCready,DEM,1.0,0.0,3485.0,0.0,0.0,3485.0,N
"
SCOTLAND",11/06/2018,01,1183.0,S,US HOUSE OF REPRESENTATIVES DISTRICT 09,Dan McCready,DEM,1.0,335.0,0.0,0.0,0.0,335.0,Y
"
SCOTLAND",11/06/2018,05,1183.0,S,US HOUSE OF REPRESENTATIVES DISTRICT 09,Jeff Scott,LIB,1.0,8.0,0.0,0.0,0.0,8.0,Y
"
SCOTLAND",11/06/2018,02,1183.0,S,US HOUSE OF REPRESENTATIVES DISTRICT 09,Jeff Scott,LIB,1.0,5.0,0.0,0.0,0.0,5.0,Y
"
SCOTLAND",11/06/2018,08,1183.0,S,US HOUSE OF REPRESENTATIVES DISTRICT 09,Jeff Scott,LIB,1.0,8.0,0.0,0.0,0.0,8.0,Y
"
SCOTLAND",11/06/2018,09,1183.0,S,US HOUSE OF REPRESENTATIVES DISTRICT 09,Jeff Scott,LIB,1.0,8.0,0.0,0.0,0.0,8.0,Y
"
SCOTLAND",11/06/2018,06,1183.0,S,US HOUSE OF REPRESENTATIVES DISTRICT 09,Jeff Scott,LIB,1.0,1.0,0.0,0.0,0.0,1.0,Y
"
SCOTLAND",11/06/2018,03,1183.0,S,US HOUSE OF REPRESENTATIVES DISTRICT 09,Jeff Scott,LIB,1.0,15.0,0.0,0.0,0.0,15.0,Y
"
SCOTLAND",11/06/2018,10,1183.0,S,US HOUSE OF REPRESENTATIVES DISTRICT 09,Jeff Scott,LIB,1.0,7.0,0.0,0.0,0.0,7.0,Y
"
SCOTLAND",11/06/2018,PROVISIOINAL,1183.0,S,US HOUSE OF REPRESENTATIVES DISTRICT 09,Jeff Scott,LIB,1.0,0.0,0.0,0.0,2.0,2.0,N
"
SCOTLAND",11/06/2018,01,1183.0,S,US HOUSE OF REPRESENTATIVES DISTRICT 09,Jeff Scott,LIB,1.0,4.0,0.0,0.0,0.0,4.0,Y
"
SCOTLAND",11/06/2018,04,1183.0,S,US HOUSE OF REPRESENTATIVES DISTRICT 09,Jeff Scott,LIB,1.0,12.0,0.0,0.0,0.0,12.0,Y
"
SCOTLAND",11/06/2018,07,1183.0,S,US HOUSE OF REPRESENTATIVES DISTRICT 09,Jeff Scott,LIB,1.0,15.0,0.0,0.0,0.0,15.0,Y
"
SCOTLAND",11/06/2018,ABSENTEE,1183.0,S,US HOUSE OF REPRESENTATIVES DISTRICT 09,Jeff Scott,LIB,1.0,0.0,0.0,6.0,0.0,6.0,N
"
SCOTLAND",11/06/2018,ONE STOP,1183.0,S,US HOUSE OF REPRESENTATIVES DISTRICT 09,Jeff Scott,LIB,1.0,0.0,106.0,0.0,0.0,106.0,N
"
SCOTLAND",11/06/2018,02,1183.0,S,US HOUSE OF REPRESENTATIVES DISTRICT 09,Mark Harris,REP,1.0,52.0,0.0,0.0,0.0,52.0,Y
"
SCOTLAND",11/06/2018,08,1183.0,S,US HOUSE OF REPRESENTATIVES DISTRICT 09,Mark Harris,REP,1.0,141.0,0.0,0.0,0.0,141.0,Y
"
SCOTLAND",11/06/2018,05,1183.0,S,US HOUSE OF REPRESENTATIVES DISTRICT 09,Mark Harris,REP,1.0,237.0,0.0,0.0,0.0,237.0,Y
"
SCOTLAND",11/06/2018,04,1183.0,S,US HOUSE OF REPRESENTATIVES DISTRICT 09,Mark Harris,REP,1.0,335.0,0.0,0.0,0.0,335.0,Y
"
SCOTLAND",11/06/2018,07,1183.0,S,US HOUSE OF REPRESENTATIVES DISTRICT 09,Mark Harris,REP,1.0,238.0,0.0,0.0,0.0,238.0,Y
"
SCOTLAND",11/06/2018,01,1183.0,S,US HOUSE OF REPRESENTATIVES DISTRICT 09,Mark Harris,REP,1.0,61.0,0.0,0.0,0.0,61.0,Y
"
SCOTLAND",11/06/2018,PROVISIOINAL,1183.0,S,US HOUSE OF REPRESENTATIVES DISTRICT 09,Mark Harris,REP,1.0,0.0,0.0,0.0,23.0,23.0,N
"
SCOTLAND",11/06/2018,09,1183.0,S,US HOUSE OF REPRESENTATIVES DISTRICT 09,Mark Harris,REP,1.0,236.0,0.0,0.0,0.0,236.0,Y
"
SCOTLAND",11/06/2018,03,1183.0,S,US HOUSE OF REPRESENTATIVES DISTRICT 09,Mark Harris,REP,1.0,242.0,0.0,0.0,0.0,242.0,Y
"
SCOTLAND",11/06/2018,06,1183.0,S,US HOUSE OF REPRESENTATIVES DISTRICT 09,Mark Harris,REP,1.0,66.0,0.0,0.0,0.0,66.0,Y
"
SCOTLAND",11/06/2018,ABSENTEE,1183.0,S,US HOUSE OF REPRESENTATIVES DISTRICT 09,Mark Harris,REP,1.0,0.0,0.0,95.0,0.0,95.0,N
"
SCOTLAND",11/06/2018,10,1183.0,S,US HOUSE OF REPRESENTATIVES DISTRICT 09,Mark Harris,REP,1.0,196.0,0.0,0.0,0.0,196.0,Y
"
SCOTLAND",11/06/2018,ONE STOP,1183.0,S,US HOUSE OF REPRESENTATIVES DISTRICT 09,Mark Harris,REP,1.0,0.0,2541.0,0.0,0.0,2541.0,N
